udi,timestamp,machine_id,product_id,machine_type,air_temperature_k,process_temperature_k,rotational_speed_rpm,torque_nm,tool_wear_min,thermal_delta_k,power_w,hazard,dominant_mode,machine_failure,twf,hdf,pwf,osf,osp,tol,rnf
1,2025-05-04 06:00:00,FAN-07,M47000,M,300.0,310.6,1168,48.0,111,10.58,5873.9,0.0637,tol,0,0,0,0,0,0,0,0
2,2025-05-04 12:00:00,CRS-08,L47001,L,299.7,311.4,1168,53.1,62,11.67,6498.2,0.241,tol,0,0,0,0,0,0,0,0
3,2025-05-04 18:00:00,CML-05,M47002,M,299.1,309.5,1459,38.5,35,10.43,5887.2,0.0083,rnf,0,0,0,0,0,0,0,0
4,2025-05-05 00:00:00,CML-05,M47003,M,298.3,308.7,2209,21.9,30,10.45,5061.8,0.0049,rnf,0,0,0,0,0,0,0,0
5,2025-05-05 06:00:00,CRS-08,L47004,L,298.3,308.4,2137,21.1,31,10.05,4723.6,0.0052,rnf,0,0,0,0,0,0,0,0
6,2025-05-05 12:00:00,KLN-01,H47005,H,298.1,307.8,1597,36.4,46,9.67,6090.8,0.0062,rnf,0,0,0,0,0,0,0,0
7,2025-05-05 18:00:00,BLR-03,M47006,M,297.8,307.6,2886,14.3,65,9.84,4316.7,0.9011,osp,1,0,0,0,0,1,0,0
8,2025-05-06 00:00:00,CML-05,M47007,M,298.9,309.1,1168,59.7,46,10.14,7307.7,0.6954,tol,1,0,0,0,0,0,1,0
9,2025-05-06 06:00:00,CRS-08,L47008,L,299.0,310.7,1812,47.3,227,11.72,8978.0,0.9802,osf,1,1,0,0,1,0,0,0
10,2025-05-06 12:00:00,CRS-08,L47009,L,299.9,309.6,1276,33.0,65,9.76,4410.6,0.0596,hdf,0,0,0,0,0,0,0,0
11,2025-05-06 18:00:00,PKR-09,L47010,L,299.5,309.6,2486,31.3,175,10.05,8141.2,0.2193,osp,0,0,0,0,0,0,0,0
12,2025-05-07 00:00:00,RMM-04,H47011,H,299.7,308.9,1596,54.7,74,9.13,9144.8,0.6837,pwf,0,0,0,1,0,0,0,0
13,2025-05-07 06:00:00,FAN-07,M47012,M,299.7,310.4,2404,27.7,28,10.72,6985.8,0.0491,osp,1,0,0,0,0,0,0,0
14,2025-05-07 12:00:00,CLC-06,M47013,M,298.6,309.9,2540,28.8,48,11.37,7659.5,0.4277,osp,0,0,0,0,0,0,0,0
15,2025-05-07 18:00:00,PKR-09,L47014,L,299.6,311.2,1659,31.6,39,11.62,5486.4,0.0043,rnf,0,0,0,0,0,0,0,0
16,2025-05-08 00:00:00,PKR-09,L47015,L,299.5,309.8,1291,37.6,128,10.2,5086.0,0.0193,hdf,1,0,0,0,0,0,0,0
17,2025-05-08 06:00:00,PKR-09,L47016,L,300.1,310.7,2070,41.3,76,10.57,8961.4,0.2634,pwf,0,0,0,0,0,0,0,0
18,2025-05-08 12:00:00,CRS-08,L47017,L,299.6,309.4,1218,53.1,33,9.85,6775.4,0.2701,tol,0,0,0,0,0,0,0,0
19,2025-05-08 18:00:00,FAN-07,M47018,M,299.5,310.0,1168,60.4,77,10.53,7389.1,0.7251,tol,1,0,0,0,0,0,1,0
20,2025-05-09 00:00:00,CLC-06,M47019,M,298.9,309.2,2886,31.1,165,10.31,9395.2,0.979,osp,1,0,0,1,0,1,0,0
21,2025-05-09 06:00:00,CLC-06,M47020,M,299.8,309.9,1168,43.8,170,10.06,5362.5,0.0485,hdf,1,0,0,0,0,0,0,0
22,2025-05-09 12:00:00,CRS-08,L47021,L,300.0,310.2,2078,32.6,11,10.14,7098.2,0.0044,rnf,0,0,0,0,0,0,0,0
23,2025-05-09 18:00:00,KLN-02,H47022,H,300.3,310.7,2886,20.0,33,10.45,6035.5,0.8997,osp,1,0,0,0,0,1,0,0
24,2025-05-10 00:00:00,CML-05,M47023,M,301.2,310.9,1168,32.6,33,9.71,3989.5,0.1694,pwf,1,0,0,0,0,0,0,0
25,2025-05-10 06:00:00,FAN-07,M47024,M,301.9,311.7,1943,31.1,19,9.76,6332.9,0.0042,rnf,0,0,0,0,0,0,0,0
26,2025-05-10 12:00:00,CRS-08,L47025,L,302.3,314.0,1706,44.4,201,11.71,7932.1,0.4307,twf,0,0,0,0,0,0,0,0
27,2025-05-10 18:00:00,CRS-08,L47026,L,301.2,313.9,2091,29.4,54,12.71,6448.0,0.0042,rnf,0,0,0,0,0,0,0,0
28,2025-05-11 00:00:00,PKR-09,L47027,L,300.7,309.5,1833,34.9,33,8.8,6705.8,0.0048,rnf,0,0,0,0,0,0,0,0
29,2025-05-11 06:00:00,CRS-08,L47028,L,299.9,308.7,1168,56.6,41,8.74,6920.8,0.7336,hdf,0,0,0,0,0,0,0,0
30,2025-05-11 12:00:00,CLC-06,M47029,M,300.4,309.5,1168,65.7,160,9.04,8033.4,0.9477,tol,1,0,0,0,0,0,1,0
31,2025-05-11 18:00:00,BLR-03,M47030,M,300.5,310.4,2741,21.0,105,9.9,6033.8,0.8855,osp,1,0,0,0,0,1,0,0
32,2025-05-12 00:00:00,KLN-01,H47031,H,299.6,308.5,2886,24.6,95,8.92,7426.2,0.8997,osp,1,0,0,0,0,1,0,0
33,2025-05-12 06:00:00,CRS-08,L47032,L,299.5,310.0,2665,31.3,113,10.59,8733.2,0.8443,osp,1,0,0,0,0,1,0,0
34,2025-05-12 12:00:00,CRS-08,L47033,L,298.5,308.6,1404,48.4,128,10.17,7118.7,0.0751,tol,0,0,0,0,0,0,0,0
35,2025-05-12 18:00:00,CRS-08,L47034,L,298.5,309.1,1168,57.8,253,10.53,7071.5,0.9956,osf,1,1,0,0,1,0,1,0
36,2025-05-13 00:00:00,CRS-08,L47035,L,297.5,306.8,1947,32.0,50,9.31,6532.0,0.0043,rnf,0,0,0,0,0,0,0,0
37,2025-05-13 06:00:00,PKR-09,L47036,L,298.0,307.8,1260,47.9,29,9.76,6317.3,0.1033,tol,0,0,0,0,0,0,0,0
38,2025-05-13 12:00:00,CRS-08,L47037,L,298.4,308.1,1168,50.5,11,9.7,6179.3,0.1732,tol,0,0,0,0,0,0,0,0
39,2025-05-13 18:00:00,CRS-08,L47038,L,299.8,308.2,2073,39.8,57,8.42,8638.8,0.0473,pwf,0,0,0,0,0,0,0,0
40,2025-05-14 00:00:00,CLC-06,M47039,M,300.4,309.2,1568,31.0,111,8.84,5095.2,0.0164,hdf,0,0,0,0,0,0,0,0
41,2025-05-14 06:00:00,PKR-09,L47040,L,300.1,308.9,1647,43.0,220,8.88,7410.4,0.8516,twf,1,1,0,0,0,0,0,0
42,2025-05-14 12:00:00,CLC-06,M47041,M,300.6,311.4,1338,35.0,87,10.76,4899.2,0.0074,rnf,0,0,0,0,0,0,0,0
43,2025-05-14 18:00:00,CLC-06,M47042,M,299.6,309.9,1168,37.3,32,10.25,4568.2,0.0209,hdf,0,0,0,0,0,0,0,0
44,2025-05-15 00:00:00,PKR-09,L47043,L,299.0,309.6,2886,15.0,130,10.61,4540.1,0.9,osp,1,0,0,0,0,1,0,0
45,2025-05-15 06:00:00,BLR-03,M47044,M,299.3,307.4,1168,50.2,63,8.16,6137.0,0.8019,hdf,1,0,1,0,0,0,0,0
46,2025-05-15 12:00:00,FAN-07,M47045,M,297.9,306.4,1499,42.7,49,8.52,6708.3,0.0899,hdf,0,0,0,0,0,0,0,0
47,2025-05-15 18:00:00,CRS-08,L47046,L,298.0,308.6,1168,77.0,206,10.66,9418.1,0.9988,osf,1,0,0,1,1,0,1,0
48,2025-05-16 00:00:00,CRS-08,L47047,L,297.4,304.6,1168,54.7,169,7.22,6690.5,0.9509,hdf,1,0,1,0,0,0,0,0
49,2025-05-16 06:00:00,CLC-06,M47048,M,297.6,308.8,1652,45.0,23,11.22,7794.7,0.0254,tol,0,0,0,0,0,0,0,0
50,2025-05-16 12:00:00,PKR-09,L47049,L,297.0,305.2,2886,16.5,137,8.18,4989.9,0.8997,osp,0,0,0,0,0,1,0,0
51,2025-05-16 18:00:00,PKR-09,L47050,L,297.5,308.3,1480,68.4,102,10.84,10600.0,0.9886,pwf,1,0,0,1,0,0,1,0
52,2025-05-17 00:00:00,PKR-09,L47051,L,297.7,306.8,1332,45.1,76,9.11,6294.1,0.2387,hdf,1,0,0,0,0,0,0,0
53,2025-05-17 06:00:00,CML-05,M47052,M,298.7,309.8,1168,68.6,54,11.05,8395.2,0.8875,tol,1,0,0,0,0,0,1,0
54,2025-05-17 12:00:00,BLR-03,M47053,M,298.8,312.0,1509,43.4,64,13.21,6861.5,0.0164,tol,0,0,0,0,0,0,0,0
55,2025-05-17 18:00:00,BLR-03,M47054,M,298.4,306.1,1168,56.1,90,7.73,6864.3,0.9221,hdf,1,0,1,0,0,0,0,0
56,2025-05-18 00:00:00,FAN-07,M47055,M,298.3,309.0,1363,43.2,83,10.7,6164.2,0.0181,tol,0,0,0,0,0,0,0,0
57,2025-05-18 06:00:00,CRS-08,L47056,L,297.5,305.7,1422,38.9,59,8.19,5792.4,0.3408,hdf,0,0,0,0,0,0,0,0
58,2025-05-18 12:00:00,CRS-08,L47057,L,297.9,308.4,1168,37.2,45,10.43,4544.3,0.0161,hdf,0,0,0,0,0,0,0,0
59,2025-05-18 18:00:00,CRS-08,L47058,L,298.4,308.2,1361,43.2,7,9.79,6161.0,0.0497,hdf,0,0,0,0,0,0,0,0
60,2025-05-19 00:00:00,PKR-09,L47059,L,300.2,310.3,1168,45.7,108,10.13,5593.7,0.0477,tol,0,0,0,0,0,0,0,0
61,2025-05-19 06:00:00,CML-05,M47060,M,299.8,308.9,1168,52.7,44,9.09,6445.7,0.4272,hdf,0,0,0,0,0,0,0,0
62,2025-05-19 12:00:00,PKR-09,L47061,L,299.6,310.4,1419,43.4,165,10.78,6448.4,0.0283,tol,0,0,0,0,0,0,0,0
63,2025-05-19 18:00:00,PKR-09,L47062,L,299.2,307.8,2066,34.9,18,8.55,7553.4,0.0048,rnf,0,0,0,0,0,0,0,0
64,2025-05-20 00:00:00,FAN-07,M47063,M,299.4,310.7,1305,36.4,23,11.24,4973.9,0.006,rnf,0,0,0,0,0,0,0,0
65,2025-05-20 06:00:00,BLR-03,M47064,M,299.7,309.3,2100,25.4,42,9.59,5596.7,0.0041,rnf,0,0,0,0,0,0,0,0
66,2025-05-20 12:00:00,PKR-09,L47065,L,299.7,308.3,1168,58.3,27,8.6,7127.6,0.8316,tol,1,0,1,0,0,0,1,0
67,2025-05-20 18:00:00,PKR-09,L47066,L,300.5,312.1,2886,10.8,251,11.59,3270.7,0.9984,osp,1,1,0,1,0,1,0,0
68,2025-05-21 00:00:00,PKR-09,L47067,L,300.0,309.9,1168,27.5,188,9.93,3362.6,0.8329,pwf,1,0,0,1,0,0,0,0
69,2025-05-21 06:00:00,CRS-08,L47068,L,300.7,312.6,1279,43.0,63,11.91,5767.1,0.0151,tol,0,0,0,0,0,0,0,0
70,2025-05-21 12:00:00,CRS-08,L47069,L,301.0,312.2,1480,43.3,83,11.22,6718.4,0.0163,tol,0,0,0,0,0,0,0,0
71,2025-05-21 18:00:00,PKR-09,L47070,L,300.9,303.7,1578,38.7,90,2.75,6395.7,0.0276,hdf,0,0,0,0,0,0,0,0
72,2025-05-22 00:00:00,PKR-09,L47071,L,300.7,310.6,1439,31.3,45,9.92,4720.9,0.0164,hdf,0,0,0,0,0,0,0,0
73,2025-05-22 06:00:00,BLR-03,M47072,M,302.3,312.4,2466,29.3,23,10.12,7579.7,0.1502,osp,0,0,0,0,0,0,0,0
74,2025-05-22 12:00:00,PKR-09,L47073,L,301.6,313.1,1168,59.0,253,11.53,7218.1,0.9964,osf,1,1,0,0,1,0,1,0
75,2025-05-22 18:00:00,CRS-08,L47074,L,301.7,312.1,1544,45.2,143,10.44,7312.1,0.0287,tol,0,0,0,0,0,0,0,0
76,2025-05-23 00:00:00,PKR-09,L47075,L,301.1,311.3,2846,35.6,86,10.18,10600.0,0.9899,pwf,1,0,0,1,0,1,0,0
77,2025-05-23 06:00:00,CRS-08,L47076,L,302.2,312.0,1168,55.2,67,9.8,6755.8,0.4085,tol,0,0,0,0,0,0,0,0
78,2025-05-23 12:00:00,FAN-07,M47077,M,302.7,312.6,1565,35.5,62,9.95,5815.8,0.0058,rnf,0,0,0,0,0,0,0,0
79,2025-05-23 18:00:00,CRS-08,L47078,L,302.1,313.4,1377,44.7,214,11.3,6441.4,0.8013,twf,0,1,0,0,0,0,0,0
80,2025-05-24 00:00:00,BLR-03,M47079,M,302.3,312.3,1409,40.5,79,10.0,5974.7,0.0215,hdf,0,0,0,0,0,0,0,0
81,2025-05-24 06:00:00,FAN-07,M47080,M,302.3,311.9,2335,27.3,40,9.61,6668.8,0.0152,osp,0,0,0,0,0,0,0,0
82,2025-05-24 12:00:00,CRS-08,L47081,L,301.8,311.3,1568,38.0,118,9.44,6233.8,0.0095,rnf,0,0,0,0,0,0,0,0
83,2025-05-24 18:00:00,BLR-03,M47082,M,302.2,311.7,1168,46.5,72,9.45,5683.0,0.1497,hdf,0,0,0,0,0,0,0,0
84,2025-05-25 00:00:00,PKR-09,L47083,L,302.4,311.0,1168,38.2,50,8.6,4670.5,0.5805,hdf,1,0,1,0,0,0,0,0
85,2025-05-25 06:00:00,CRS-08,L47084,L,302.4,311.6,1743,36.4,33,9.25,6647.1,0.0053,rnf,0,0,0,0,0,0,0,0
86,2025-05-25 12:00:00,PKR-09,L47085,L,302.2,313.7,1392,38.1,28,11.5,5551.6,0.0063,rnf,0,0,0,0,0,0,0,0
87,2025-05-25 18:00:00,CML-05,M47086,M,302.4,312.2,1168,63.2,30,9.79,7733.4,0.83,tol,1,0,0,0,0,0,1,0
88,2025-05-26 00:00:00,PKR-09,L47087,L,302.4,313.1,2886,19.8,35,10.7,5991.7,0.8997,osp,1,0,0,0,0,1,0,0
89,2025-05-26 06:00:00,PKR-09,L47088,L,302.3,309.8,1659,41.5,158,7.52,7208.2,0.0177,tol,0,0,0,0,0,0,0,0
90,2025-05-26 12:00:00,CRS-08,L47089,L,301.7,312.3,2245,38.0,165,10.57,8932.3,0.2319,pwf,0,0,0,0,0,0,0,0
91,2025-05-26 18:00:00,CRS-08,L47090,L,302.7,312.6,2886,16.8,62,9.84,5084.3,0.8997,osp,0,0,0,0,0,1,0,0
92,2025-05-27 00:00:00,CML-05,M47091,M,301.9,311.4,2886,18.9,127,9.52,5712.8,0.8997,osp,1,0,0,0,0,1,0,0
93,2025-05-27 06:00:00,PKR-09,L47092,L,302.0,312.2,1178,47.3,76,10.18,5838.1,0.0629,tol,0,0,0,0,0,0,0,0
94,2025-05-27 12:00:00,PKR-09,L47093,L,301.7,311.2,1603,48.0,55,9.5,8053.2,0.0603,tol,0,0,0,0,0,0,0,0
95,2025-05-27 18:00:00,CRS-08,L47094,L,302.8,310.7,1168,42.0,94,7.88,5142.8,0.8423,hdf,0,0,1,0,0,0,0,0
96,2025-05-28 00:00:00,CML-05,M47095,M,302.0,312.0,1168,52.0,45,9.98,6362.7,0.2043,tol,0,0,0,0,0,0,0,0
97,2025-05-28 06:00:00,CRS-08,L47096,L,301.4,311.6,1168,45.7,71,10.24,5595.1,0.0429,tol,0,0,0,0,0,0,0,0
98,2025-05-28 12:00:00,PKR-09,L47097,L,300.7,310.3,1168,63.9,138,9.69,7819.2,0.8741,tol,1,0,0,0,0,0,1,0
99,2025-05-28 18:00:00,CRS-08,L47098,L,300.8,309.9,1488,34.0,117,9.03,5298.1,0.0493,hdf,0,0,0,0,0,0,0,0
100,2025-05-29 00:00:00,KLN-02,H47099,H,299.9,308.4,1429,49.3,120,8.53,7371.9,0.3102,hdf,0,0,0,0,0,0,0,0
101,2025-05-29 06:00:00,KLN-01,H47100,H,299.5,309.8,1168,45.5,58,10.22,5564.2,0.0416,tol,0,0,0,0,0,0,0,0
102,2025-05-29 12:00:00,CML-05,M47101,M,298.1,309.7,2886,3.0,79,11.61,906.7,0.99,pwf,1,0,0,1,0,1,0,0
103,2025-05-29 18:00:00,CRS-08,L47102,L,298.4,308.6,1884,22.7,76,10.2,4485.1,0.0088,pwf,0,0,0,0,0,0,0,0
104,2025-05-30 00:00:00,KLN-02,H47103,H,298.1,306.8,1764,17.7,118,8.62,3278.2,0.8496,pwf,1,0,0,1,0,0,0,0
105,2025-05-30 06:00:00,FAN-07,M47104,M,297.3,307.5,1749,45.5,78,10.23,8334.8,0.034,tol,0,0,0,0,0,0,0,0
106,2025-05-30 12:00:00,FAN-07,M47105,M,298.2,308.1,2062,20.0,158,9.95,4322.2,0.0197,pwf,0,0,0,0,0,0,0,0
107,2025-05-30 18:00:00,CRS-08,L47106,L,297.4,308.2,2491,27.0,117,10.86,7044.6,0.2254,osp,0,0,0,0,0,0,0,0
108,2025-05-31 00:00:00,PKR-09,L47107,L,298.1,308.7,2139,36.9,253,10.61,8268.2,0.9361,twf,1,1,0,0,0,0,0,0
109,2025-05-31 06:00:00,PKR-09,L47108,L,297.7,304.7,1330,41.7,61,7.01,5806.3,0.7673,hdf,1,0,1,0,0,0,0,0
110,2025-05-31 12:00:00,KLN-01,H47109,H,298.9,309.5,1321,54.8,34,10.55,7586.2,0.3556,tol,0,0,0,0,0,0,0,0
111,2025-05-31 18:00:00,CRS-08,L47110,L,299.5,308.5,1222,53.7,114,9.0,6878.9,0.5085,hdf,1,0,0,0,0,0,0,0
112,2025-06-01 00:00:00,PKR-09,L47111,L,298.9,307.4,2686,28.3,42,8.58,7950.7,0.855,osp,1,0,0,0,0,1,0,0
113,2025-06-01 06:00:00,CRS-08,L47112,L,298.3,308.1,1168,45.0,42,9.81,5509.1,0.0676,hdf,0,0,0,0,0,0,0,0
114,2025-06-01 12:00:00,CRS-08,L47113,L,298.8,309.2,1168,47.4,35,10.41,5794.1,0.0563,tol,0,0,0,0,0,0,0,0
115,2025-06-01 18:00:00,CRS-08,L47114,L,298.7,307.1,1661,34.0,41,8.36,5908.8,0.0072,rnf,0,0,0,0,0,0,0,0
116,2025-06-02 00:00:00,CML-05,M47115,M,298.7,309.4,1168,60.8,83,10.7,7441.2,0.7438,tol,0,0,0,0,0,0,1,0
117,2025-06-02 06:00:00,BLR-03,M47116,M,299.6,310.4,2257,25.3,253,10.76,5970.8,0.8974,twf,1,1,0,0,0,0,0,0
118,2025-06-02 12:00:00,CLC-06,M47117,M,299.1,309.2,1772,29.0,32,10.05,5379.4,0.0041,rnf,0,0,0,0,0,0,0,0
119,2025-06-02 18:00:00,PKR-09,L47118,L,299.2,308.4,1169,52.3,143,9.13,6405.9,0.4022,hdf,1,0,0,0,0,0,0,0
120,2025-06-03 00:00:00,CML-05,M47119,M,299.9,309.0,1227,45.3,65,9.02,5821.8,0.3226,hdf,1,0,0,0,0,0,0,0
121,2025-06-03 06:00:00,CRS-08,L47120,L,300.5,311.5,1168,65.3,148,11.03,7987.8,0.9336,tol,1,0,0,0,1,0,1,0
122,2025-06-03 12:00:00,CML-05,M47121,M,300.3,308.8,2886,16.6,64,8.49,5027.2,0.8997,osp,1,0,0,0,0,1,0,0
123,2025-06-03 18:00:00,CRS-08,L47122,L,300.1,311.2,1238,41.5,21,11.06,5376.8,0.0117,tol,0,0,0,0,0,0,0,0
124,2025-06-04 00:00:00,CRS-08,L47123,L,298.9,308.8,1168,76.4,154,9.83,9342.8,0.9974,tol,1,0,0,1,1,0,1,0
125,2025-06-04 06:00:00,PKR-09,L47124,L,298.3,308.2,2192,30.2,173,9.9,6932.5,0.016,twf,0,0,0,0,0,0,0,0
126,2025-06-04 12:00:00,CRS-08,L47125,L,298.6,306.9,1287,38.2,28,8.29,5155.0,0.6921,hdf,1,0,1,0,0,0,0,0
127,2025-06-04 18:00:00,PKR-09,L47126,L,298.6,308.5,1474,35.6,176,9.85,5489.9,0.0295,twf,0,0,0,0,0,0,0,0
128,2025-06-05 00:00:00,PKR-09,L47127,L,298.7,309.4,1994,35.8,134,10.61,7477.7,0.0052,rnf,0,0,0,0,0,0,0,0
129,2025-06-05 06:00:00,CRS-08,L47128,L,299.5,308.2,2075,35.4,233,8.66,7684.3,0.8712,twf,1,1,0,0,0,0,0,0
130,2025-06-05 12:00:00,PKR-09,L47129,L,298.7,309.2,2380,25.8,83,10.5,6417.1,0.0318,osp,0,0,0,0,0,0,0,0
131,2025-06-05 18:00:00,PKR-09,L47130,L,298.7,308.7,1168,38.8,47,10.09,4743.2,0.0272,hdf,0,0,0,0,0,0,0,0
132,2025-06-06 00:00:00,KLN-01,H47131,H,298.9,308.2,1422,45.7,21,9.36,6803.7,0.0915,hdf,0,0,0,0,0,0,0,0
133,2025-06-06 06:00:00,CRS-08,L47132,L,298.5,309.3,1613,37.6,63,10.85,6355.4,0.0059,rnf,0,0,0,0,0,0,0,0
134,2025-06-06 12:00:00,CRS-08,L47133,L,299.5,301.9,1952,29.0,78,2.42,5928.3,0.0041,rnf,0,0,0,0,0,0,0,0
135,2025-06-06 18:00:00,CRS-08,L47134,L,300.2,310.5,1199,51.3,89,10.35,6444.8,0.1597,tol,0,0,0,0,0,0,0,0
136,2025-06-07 00:00:00,PKR-09,L47135,L,300.3,312.0,1168,48.0,86,11.62,5875.0,0.0595,tol,0,0,0,0,0,0,0,0
137,2025-06-07 06:00:00,KLN-02,H47136,H,301.5,313.0,1768,28.5,73,11.44,5286.2,0.0041,rnf,0,0,0,0,0,0,0,0
138,2025-06-07 12:00:00,PKR-09,L47137,L,300.4,309.3,2117,25.8,221,8.88,5711.9,0.753,twf,1,1,0,0,0,0,0,0
139,2025-06-07 18:00:00,CLC-06,M47138,M,300.4,310.1,2886,12.9,155,9.7,3910.3,0.9176,osp,1,0,0,0,0,1,0,0
140,2025-06-08 00:00:00,CRS-08,L47139,L,300.6,310.0,1797,46.0,139,9.36,8657.5,0.0777,pwf,0,0,0,0,0,0,0,0
141,2025-06-08 06:00:00,PKR-09,L47140,L,300.0,309.7,1579,43.0,91,9.7,7114.8,0.0163,tol,0,0,0,0,0,0,0,0
142,2025-06-08 12:00:00,CRS-08,L47141,L,300.2,310.7,1168,70.1,253,10.54,8572.8,0.9989,osf,1,1,0,0,1,0,1,0
143,2025-06-08 18:00:00,KLN-02,H47142,H,299.4,308.6,2224,36.4,47,9.19,8482.1,0.0207,pwf,0,0,0,0,0,0,0,0
144,2025-06-09 00:00:00,PKR-09,L47143,L,299.9,308.8,2070,30.7,127,8.88,6644.8,0.0043,rnf,0,0,0,0,0,0,0,0
145,2025-06-09 06:00:00,PKR-09,L47144,L,300.6,312.8,1203,62.2,140,12.13,7840.5,0.8244,tol,1,0,0,0,0,0,1,0
146,2025-06-09 12:00:00,CRS-08,L47145,L,300.8,310.7,1999,33.9,133,9.94,7097.3,0.0046,rnf,0,0,0,0,0,0,0,0
147,2025-06-09 18:00:00,PKR-09,L47146,L,299.5,308.1,1168,36.1,158,8.66,4411.9,0.5484,hdf,1,0,1,0,0,0,0,0
148,2025-06-10 00:00:00,PKR-09,L47147,L,298.9,307.5,2379,23.0,89,8.66,5717.8,0.0314,osp,0,0,0,0,0,0,0,0
149,2025-06-10 06:00:00,PKR-09,L47148,L,299.3,310.1,1503,33.7,103,10.78,5308.8,0.0048,rnf,0,0,0,0,0,0,0,0
150,2025-06-10 12:00:00,PKR-09,L47149,L,299.4,309.3,1169,51.1,99,9.94,6255.4,0.1686,tol,0,0,0,0,0,0,0,0
151,2025-06-10 18:00:00,BLR-03,M47150,M,297.6,306.5,1168,47.6,101,8.92,5818.9,0.4038,hdf,0,0,0,0,0,0,0,0
152,2025-06-11 00:00:00,BLR-03,M47151,M,298.6,308.0,1613,48.2,26,9.47,8147.1,0.0654,tol,0,0,0,0,0,0,0,0
153,2025-06-11 06:00:00,PKR-09,L47152,L,298.7,309.6,2886,3.0,145,10.83,906.7,0.99,pwf,1,0,0,1,0,1,0,0
154,2025-06-11 12:00:00,CRS-08,L47153,L,298.3,308.1,1836,48.5,198,9.84,9318.9,0.8984,pwf,1,0,0,1,0,0,0,0
155,2025-06-11 18:00:00,CRS-08,L47154,L,299.0,308.3,1597,38.1,85,9.27,6372.6,0.009,rnf,0,0,0,0,0,0,0,0
156,2025-06-12 00:00:00,FAN-07,M47155,M,298.6,308.2,1168,59.2,39,9.6,7237.0,0.6842,tol,0,0,0,0,0,0,1,0
157,2025-06-12 06:00:00,PKR-09,L47156,L,298.3,307.1,2636,19.7,180,8.8,5441.0,0.7897,osp,1,0,0,0,0,1,0,0
158,2025-06-12 12:00:00,CML-05,M47157,M,298.6,307.7,1660,47.4,24,9.08,8238.4,0.0528,tol,0,0,0,0,0,0,0,0
159,2025-06-12 18:00:00,CLC-06,M47158,M,299.9,309.8,1168,51.6,114,9.9,6314.5,0.1924,tol,1,0,0,0,0,0,0,0
160,2025-06-13 00:00:00,CLC-06,M47159,M,301.0,311.6,2886,4.0,134,10.64,1223.7,0.99,pwf,1,0,0,1,0,1,0,0
161,2025-06-13 06:00:00,CRS-08,L47160,L,301.2,310.6,1836,28.3,164,9.46,5447.7,0.0078,rnf,0,0,0,0,0,0,0,0
162,2025-06-13 12:00:00,KLN-01,H47161,H,301.4,310.4,1168,41.6,21,8.95,5083.1,0.3589,hdf,0,0,0,0,0,0,0,0
163,2025-06-13 18:00:00,CRS-08,L47162,L,301.9,311.6,2191,23.7,119,9.77,5438.1,0.0046,rnf,0,0,0,0,0,0,0,0
164,2025-06-14 00:00:00,PKR-09,L47163,L,300.9,312.0,1168,64.6,253,11.1,7900.0,0.9984,osf,1,1,0,0,1,0,1,0
165,2025-06-14 06:00:00,PKR-09,L47164,L,301.3,310.8,1168,54.0,186,9.48,6609.4,0.8119,osf,1,0,0,0,1,0,0,0
166,2025-06-14 12:00:00,PKR-09,L47165,L,300.7,309.8,1343,45.7,160,9.13,6433.0,0.2357,hdf,0,0,0,0,0,0,0,0
167,2025-06-14 18:00:00,BLR-03,M47166,M,300.9,311.0,1326,38.3,56,10.16,5314.7,0.0204,hdf,0,0,0,0,0,0,0,0
168,2025-06-15 00:00:00,CLC-06,M47167,M,300.7,311.2,1168,62.4,95,10.5,7626.9,0.7996,tol,1,0,0,0,0,0,1,0
169,2025-06-15 06:00:00,PKR-09,L47168,L,301.0,312.6,1193,41.6,90,11.64,5198.1,0.0111,tol,0,0,0,0,0,0,0,0
170,2025-06-15 12:00:00,KLN-01,H47169,H,301.0,311.4,1511,48.5,91,10.35,7671.2,0.0688,tol,0,0,0,0,0,0,0,0
171,2025-06-15 18:00:00,PKR-09,L47170,L,298.9,309.5,1313,33.9,99,10.64,4659.7,0.0095,rnf,0,0,0,0,0,0,0,0
172,2025-06-16 00:00:00,PKR-09,L47171,L,299.1,309.8,1168,56.9,251,10.72,6957.4,0.9948,osf,1,1,0,0,1,0,1,0
173,2025-06-16 06:00:00,PKR-09,L47172,L,299.5,308.4,1168,54.5,43,8.85,6663.6,0.6077,hdf,0,0,0,0,0,0,0,0
174,2025-06-16 12:00:00,KLN-02,H47173,H,299.9,308.9,1168,44.4,227,9.04,5433.1,0.8841,twf,1,1,0,0,0,0,0,0
175,2025-06-16 18:00:00,CRS-08,L47174,L,299.8,308.7,1644,30.7,62,8.92,5290.1,0.0062,rnf,0,0,0,0,0,0,0,0
176,2025-06-17 00:00:00,CRS-08,L47175,L,300.9,309.1,2451,28.8,28,8.18,7386.1,0.1148,osp,1,0,0,0,0,0,0,0
177,2025-06-17 06:00:00,CRS-08,L47176,L,301.1,311.9,1327,36.4,81,10.8,5059.1,0.0075,rnf,0,0,0,0,0,0,0,0
178,2025-06-17 12:00:00,RMM-04,H47177,H,301.3,311.6,1177,40.7,69,10.29,5013.6,0.0201,hdf,0,0,0,0,0,0,0,0
179,2025-06-17 18:00:00,CLC-06,M47178,M,301.9,309.5,2812,20.5,127,7.54,6049.9,0.897,osp,1,0,0,0,0,1,0,0
180,2025-06-18 00:00:00,CLC-06,M47179,M,302.1,309.5,1272,45.4,37,7.41,6051.1,0.8505,hdf,1,0,1,0,0,0,0,0
181,2025-06-18 06:00:00,BLR-03,M47180,M,301.3,313.4,1168,54.2,68,12.06,6624.7,0.3056,tol,0,0,0,0,0,0,0,0
182,2025-06-18 12:00:00,BLR-03,M47181,M,299.6,308.7,1735,46.3,56,9.11,8421.2,0.0458,tol,0,0,0,0,0,0,0,0
183,2025-06-18 18:00:00,PKR-09,L47182,L,299.3,311.4,1667,32.6,50,12.05,5683.3,0.0043,rnf,0,0,0,0,0,0,0,0
184,2025-06-19 00:00:00,PKR-09,L47183,L,299.9,308.4,1168,49.3,195,8.55,6034.7,0.8484,hdf,1,0,1,0,1,0,0,0
185,2025-06-19 06:00:00,CML-05,M47184,M,299.6,307.7,1553,33.2,103,8.04,5391.9,0.0369,hdf,0,0,0,0,0,0,0,0
186,2025-06-19 12:00:00,CML-05,M47185,M,300.2,308.0,1481,39.5,51,7.8,6123.1,0.1515,hdf,0,0,0,0,0,0,0,0
187,2025-06-19 18:00:00,PKR-09,L47186,L,300.3,310.7,1598,44.9,82,10.36,7507.7,0.0242,tol,0,0,0,0,0,0,0,0
188,2025-06-20 00:00:00,CRS-08,L47187,L,301.1,310.0,1645,46.6,15,8.9,8029.0,0.042,tol,1,0,0,0,0,0,0,0
189,2025-06-20 06:00:00,CLC-06,M47188,M,300.9,309.8,1168,52.0,64,8.93,6361.6,0.4807,hdf,0,0,0,0,0,0,0,0
190,2025-06-20 12:00:00,CRS-08,L47189,L,301.1,309.8,2546,27.5,18,8.63,7344.6,0.4572,osp,1,0,0,0,0,0,0,0
191,2025-06-20 18:00:00,KLN-01,H47190,H,301.4,312.2,1502,42.4,70,10.78,6674.4,0.0133,tol,0,0,0,0,0,0,0,0
192,2025-06-21 00:00:00,CRS-08,L47191,L,302.3,312.3,1907,36.0,15,9.97,7191.0,0.0051,rnf,0,0,0,0,0,0,0,0
193,2025-06-21 06:00:00,PKR-09,L47192,L,301.1,312.9,1168,39.3,117,11.81,4810.0,0.0079,rnf,0,0,0,0,0,0,0,0
194,2025-06-21 12:00:00,CML-05,M47193,M,300.7,310.0,1168,49.5,97,9.31,6055.5,0.238,hdf,0,0,0,0,0,0,0,0
195,2025-06-21 18:00:00,CRS-08,L47194,L,301.2,311.4,1345,50.7,66,10.22,7143.8,0.1373,tol,0,0,0,0,0,0,0,0
196,2025-06-22 00:00:00,CRS-08,L47195,L,302.2,310.9,1236,55.4,20,8.71,7166.9,0.6948,hdf,1,0,0,0,0,0,0,0
197,2025-06-22 06:00:00,CRS-08,L47196,L,302.2,311.9,1393,62.6,238,9.66,9136.9,0.9989,osf,1,1,0,1,1,0,1,0
198,2025-06-22 12:00:00,FAN-07,M47197,M,301.9,311.4,1538,38.8,40,9.48,6247.4,0.0125,hdf,0,0,0,0,0,0,0,0
199,2025-06-22 18:00:00,PKR-09,L47198,L,302.3,312.7,1508,37.2,54,10.46,5876.0,0.0063,rnf,0,0,0,0,0,0,0,0
200,2025-06-23 00:00:00,PKR-09,L47199,L,302.7,313.8,1376,20.9,58,11.02,3014.8,0.8913,pwf,1,0,0,1,0,0,0,0
201,2025-06-23 06:00:00,CLC-06,M47200,M,302.3,313.3,1168,54.7,88,10.99,6695.0,0.346,tol,1,0,0,0,0,0,0,0
202,2025-06-23 12:00:00,KLN-01,H47201,H,302.4,311.6,1448,36.5,36,9.16,5526.6,0.0755,hdf,0,0,0,0,0,0,0,0
203,2025-06-23 18:00:00,PKR-09,L47202,L,303.1,314.1,1168,45.6,60,11.0,5573.2,0.0305,tol,0,0,0,0,0,0,0,0
204,2025-06-24 00:00:00,PKR-09,L47203,L,304.2,314.1,1407,47.5,141,9.96,6996.0,0.0671,tol,0,0,0,0,0,0,0,0
205,2025-06-24 06:00:00,CRS-08,L47204,L,304.4,314.1,1602,26.3,129,9.68,4413.0,0.0126,pwf,0,0,0,0,0,0,0,0
206,2025-06-24 12:00:00,PKR-09,L47205,L,304.2,313.5,1727,29.8,57,9.29,5396.4,0.0043,rnf,0,0,0,0,0,0,0,0
207,2025-06-24 18:00:00,CRS-08,L47206,L,303.9,306.9,1168,66.4,130,3.01,8122.9,0.9883,hdf,1,0,1,0,0,0,1,0
208,2025-06-25 00:00:00,CLC-06,M47207,M,304.0,313.2,1652,43.2,3,9.15,7471.0,0.0167,tol,0,0,0,0,0,0,0,0
209,2025-06-25 06:00:00,CRS-08,L47208,L,303.7,314.0,1496,33.6,75,10.31,5266.4,0.0059,rnf,0,0,0,0,0,0,0,0
210,2025-06-25 12:00:00,PKR-09,L47209,L,303.6,313.8,1168,41.4,160,10.17,5066.5,0.0302,hdf,0,0,0,0,0,0,0,0
211,2025-06-25 18:00:00,BLR-03,M47210,M,302.7,312.4,1168,51.9,41,9.74,6354.0,0.2228,tol,0,0,0,0,0,0,0,0
212,2025-06-26 00:00:00,CRS-08,L47211,L,303.4,315.9,1349,50.3,157,12.45,7104.4,0.1418,tol,0,0,0,0,0,0,0,0
213,2025-06-26 06:00:00,PKR-09,L47212,L,302.4,313.7,2816,23.9,13,11.31,7039.9,0.8972,osp,1,0,0,0,0,1,0,0
214,2025-06-26 12:00:00,BLR-03,M47213,M,302.0,311.3,1168,58.0,27,9.28,7091.3,0.6549,tol,1,0,0,0,0,0,1,0
215,2025-06-26 18:00:00,CLC-06,M47214,M,301.9,311.7,1168,50.6,126,9.73,6192.4,0.1734,tol,1,0,0,0,0,0,0,0
216,2025-06-27 00:00:00,BLR-03,M47215,M,303.2,313.0,1426,38.3,97,9.79,5724.2,0.0255,hdf,0,0,0,0,0,0,0,0
217,2025-06-27 06:00:00,PKR-09,L47216,L,302.7,312.8,2124,26.9,12,10.15,5981.7,0.0042,rnf,0,0,0,0,0,0,0,0
218,2025-06-27 12:00:00,CRS-08,L47217,L,302.1,306.6,1176,51.6,15,4.56,6353.8,0.9122,hdf,1,0,1,0,0,0,0,0
219,2025-06-27 18:00:00,KLN-01,H47218,H,301.6,312.0,1168,45.2,71,10.44,5533.5,0.0336,tol,0,0,0,0,0,0,0,0
220,2025-06-28 00:00:00,CRS-08,L47219,L,302.6,314.1,2886,24.0,86,11.45,7242.5,0.8997,osp,1,0,0,0,0,1,0,0
221,2025-06-28 06:00:00,CRS-08,L47220,L,300.5,309.2,1891,40.2,80,8.69,7950.6,0.0087,tol,0,0,0,0,0,0,0,0
222,2025-06-28 12:00:00,CRS-08,L47221,L,299.8,308.7,1168,67.8,190,8.87,8294.5,0.9935,osf,1,0,0,0,1,0,1,0
223,2025-06-28 18:00:00,CLC-06,M47222,M,301.7,311.2,1295,40.2,32,9.52,5448.8,0.098,hdf,0,0,0,0,0,0,0,0
224,2025-06-29 00:00:00,KLN-02,H47223,H,302.0,311.6,2505,31.8,5,9.56,8351.1,0.2792,osp,0,0,0,0,0,0,0,0
225,2025-06-29 06:00:00,PKR-09,L47224,L,301.1,313.1,2251,28.9,104,12.0,6813.9,0.0061,rnf,0,0,0,0,0,0,0,0
226,2025-06-29 12:00:00,RMM-04,H47225,H,301.0,312.0,1168,67.1,102,11.0,8205.7,0.8777,tol,1,0,0,0,0,0,1,0
227,2025-06-29 18:00:00,PKR-09,L47226,L,301.0,312.0,1168,49.3,40,10.94,6033.1,0.0878,tol,0,0,0,0,0,0,0,0
228,2025-06-30 00:00:00,PKR-09,L47227,L,301.5,311.3,1168,55.5,24,9.74,6786.1,0.4311,tol,0,0,0,0,0,0,0,0
229,2025-06-30 06:00:00,CLC-06,M47228,M,302.7,312.4,1168,50.4,41,9.71,6165.2,0.1678,tol,0,0,0,0,0,0,0,0
230,2025-06-30 12:00:00,PKR-09,L47229,L,302.8,311.3,1168,53.8,65,8.55,6579.7,0.7173,hdf,1,0,1,0,0,0,0,0
231,2025-06-30 18:00:00,PKR-09,L47230,L,302.2,313.0,1804,30.7,83,10.78,5794.4,0.0042,rnf,0,0,0,0,0,0,0,0
232,2025-07-01 00:00:00,PKR-09,L47231,L,302.6,313.1,1418,51.8,197,10.49,7697.3,0.8205,osf,1,0,0,0,1,0,0,0
233,2025-07-01 06:00:00,KLN-02,H47232,H,302.0,313.3,1231,43.2,61,11.29,5563.3,0.016,tol,0,0,0,0,0,0,0,0
234,2025-07-01 12:00:00,PKR-09,L47233,L,301.2,311.0,1168,68.8,177,9.79,8414.8,0.9892,osf,1,0,0,0,1,0,1,0
235,2025-07-01 18:00:00,RMM-04,H47234,H,299.9,309.8,1270,43.5,53,9.86,5787.3,0.0529,hdf,0,0,0,0,0,0,0,0
236,2025-07-02 00:00:00,CML-05,M47235,M,298.9,309.0,2122,33.1,111,10.17,7359.7,0.0046,rnf,0,0,0,0,0,0,0,0
237,2025-07-02 06:00:00,CRS-08,L47236,L,298.3,309.2,1168,40.7,82,10.89,4978.7,0.0112,tol,0,0,0,0,0,0,0,0
238,2025-07-02 12:00:00,CML-05,M47237,M,297.6,306.2,2886,16.3,186,8.53,4919.8,0.9051,osp,0,0,0,0,0,1,0,0
239,2025-07-02 18:00:00,CRS-08,L47238,L,298.0,308.7,2886,14.5,25,10.74,4372.9,0.9007,osp,1,0,0,0,0,1,0,0
240,2025-07-03 00:00:00,CRS-08,L47239,L,297.3,307.3,1168,49.1,101,9.98,6011.0,0.1068,tol,0,0,0,0,0,0,0,0
241,2025-07-03 06:00:00,FAN-07,M47240,M,295.3,304.3,1797,34.2,130,8.94,6439.9,0.0047,rnf,0,0,0,0,0,0,0,0
242,2025-07-03 12:00:00,BLR-03,M47241,M,294.9,302.8,2538,30.8,94,7.92,8189.4,0.4193,osp,1,0,0,0,0,0,0,0
243,2025-07-03 18:00:00,PKR-09,L47242,L,294.9,304.8,1276,25.0,204,9.86,3341.8,0.8886,pwf,1,0,0,1,0,0,0,0
244,2025-07-04 00:00:00,PKR-09,L47243,L,294.8,306.2,1168,55.4,220,11.45,6772.1,0.9834,osf,1,1,0,0,1,0,0,0
245,2025-07-04 06:00:00,CML-05,M47244,M,296.1,307.8,1168,45.9,10,11.67,5611.6,0.032,tol,0,0,0,0,0,0,0,0
246,2025-07-04 12:00:00,CML-05,M47245,M,295.9,306.3,1168,61.2,44,10.36,7486.6,0.7606,tol,1,0,0,0,0,0,1,0
247,2025-07-04 18:00:00,FAN-07,M47246,M,296.8,308.8,1221,45.5,52,11.96,5821.2,0.0289,tol,0,0,0,0,0,0,0,0
248,2025-07-05 00:00:00,CRS-08,L47247,L,297.0,306.9,1168,43.3,65,9.96,5299.1,0.0445,hdf,0,0,0,0,0,0,0,0
249,2025-07-05 06:00:00,PKR-09,L47248,L,297.1,308.1,1342,42.6,39,10.95,5991.8,0.015,tol,0,0,0,0,0,0,0,0
250,2025-07-05 12:00:00,CRS-08,L47249,L,296.7,306.3,2719,25.9,15,9.55,7361.9,0.8769,osp,1,0,0,0,0,1,0,0
251,2025-07-05 18:00:00,CLC-06,M47250,M,296.9,306.4,1562,50.5,46,9.49,8260.8,0.1272,tol,0,0,0,0,0,0,0,0
252,2025-07-06 00:00:00,FAN-07,M47251,M,296.6,305.9,2886,6.3,127,9.32,1894.8,0.99,pwf,1,0,0,1,0,1,0,0
253,2025-07-06 06:00:00,PKR-09,L47252,L,296.9,304.8,2062,33.6,51,7.94,7245.4,0.0045,rnf,0,0,0,0,0,0,0,0
254,2025-07-06 12:00:00,CRS-08,L47253,L,296.9,308.2,1540,40.3,63,11.29,6491.1,0.0084,tol,0,0,0,0,0,0,0,0
255,2025-07-06 18:00:00,PKR-09,L47254,L,296.5,297.0,1690,31.3,76,0.52,5540.1,0.006,rnf,0,0,0,0,0,0,0,0
256,2025-07-07 00:00:00,CML-05,M47255,M,297.3,306.5,1168,35.0,47,9.2,4284.7,0.2296,hdf,0,0,0,0,0,0,0,0
257,2025-07-07 06:00:00,CLC-06,M47256,M,297.8,306.6,1750,50.0,89,8.82,9169.3,0.5994,pwf,0,0,0,1,0,0,0,0
258,2025-07-07 12:00:00,CRS-08,L47257,L,297.6,307.4,1168,52.1,63,9.8,6377.9,0.2252,tol,0,0,0,0,0,0,0,0
259,2025-07-07 18:00:00,PKR-09,L47258,L,297.9,309.6,2262,32.5,80,11.76,7687.4,0.0069,rnf,0,0,0,0,0,0,0,0
260,2025-07-08 00:00:00,CRS-08,L47259,L,297.9,303.1,1825,34.8,67,5.18,6658.8,0.0048,rnf,0,0,0,0,0,0,0,0
261,2025-07-08 06:00:00,CRS-08,L47260,L,297.5,305.8,1773,26.0,229,8.34,4819.2,0.8401,twf,1,1,0,0,0,0,0,0
262,2025-07-08 12:00:00,FAN-07,M47261,M,297.7,307.3,1701,35.4,83,9.65,6305.5,0.005,rnf,0,0,0,0,0,0,0,0
263,2025-07-08 18:00:00,CRS-08,L47262,L,297.4,306.3,2886,23.6,116,8.97,7122.7,0.8997,osp,1,0,0,0,0,1,0,0
264,2025-07-09 00:00:00,CRS-08,L47263,L,296.9,307.9,2886,21.8,84,10.99,6576.9,0.8997,osp,1,0,0,0,0,1,0,0
265,2025-07-09 06:00:00,RMM-04,H47264,H,296.0,306.3,1226,34.0,92,10.29,4366.4,0.0258,hdf,0,0,0,0,0,0,0,0
266,2025-07-09 12:00:00,CRS-08,L47265,L,296.0,305.4,1562,29.0,178,9.36,4745.0,0.0303,twf,0,0,0,0,0,0,0,0
267,2025-07-09 18:00:00,PKR-09,L47266,L,296.6,306.7,1168,50.6,52,10.07,6188.4,0.142,tol,0,0,0,0,0,0,0,0
268,2025-07-10 00:00:00,PKR-09,L47267,L,296.3,305.9,1168,51.2,58,9.52,6256.8,0.2263,tol,0,0,0,0,0,0,0,0
269,2025-07-10 06:00:00,PKR-09,L47268,L,298.3,309.9,2886,10.8,151,11.61,3258.1,0.9855,osp,1,0,0,1,0,1,0,0
270,2025-07-10 12:00:00,CRS-08,L47269,L,299.0,309.5,1168,61.8,130,10.55,7564.9,0.7921,tol,1,0,0,0,0,0,1,0
271,2025-07-10 18:00:00,CRS-08,L47270,L,299.9,310.6,1168,40.1,104,10.67,4901.4,0.0121,tol,0,0,0,0,0,0,0,0
272,2025-07-11 00:00:00,PKR-09,L47271,L,300.5,307.8,1308,47.9,96,7.33,6563.7,0.8157,hdf,1,0,1,0,0,0,0,0
273,2025-07-11 06:00:00,PKR-09,L47272,L,301.7,311.6,1623,34.1,31,9.93,5788.2,0.0048,rnf,0,0,0,0,0,0,0,0
274,2025-07-11 12:00:00,PKR-09,L47273,L,301.1,313.1,1214,47.6,142,12.08,6051.1,0.0552,tol,0,0,0,0,0,0,0,0
275,2025-07-11 18:00:00,BLR-03,M47274,M,299.3,310.6,2511,24.0,28,11.33,6308.7,0.3015,osp,0,0,0,0,0,0,0,0
276,2025-07-12 00:00:00,CRS-08,L47275,L,299.0,307.2,2041,34.9,79,8.15,7463.7,0.0048,rnf,0,0,0,0,0,0,0,0
277,2025-07-12 06:00:00,PKR-09,L47276,L,299.4,309.1,2572,26.7,92,9.69,7195.0,0.5769,osp,0,0,0,0,0,1,0,0
278,2025-07-12 12:00:00,CRS-08,L47277,L,299.6,308.4,1459,33.3,145,8.8,5094.3,0.1181,hdf,0,0,0,0,0,0,0,0
279,2025-07-12 18:00:00,CML-05,M47278,M,299.8,311.5,1168,53.8,172,11.71,6574.9,0.3302,tol,0,0,0,0,0,0,0,0
280,2025-07-13 00:00:00,CML-05,M47279,M,300.7,310.9,1568,33.3,42,10.24,5460.6,0.0048,rnf,0,0,0,0,0,0,0,0
281,2025-07-13 06:00:00,PKR-09,L47280,L,300.9,310.1,1168,37.2,163,9.23,4547.3,0.2064,hdf,0,0,0,0,0,0,0,0
282,2025-07-13 12:00:00,CRS-08,L47281,L,301.4,307.5,1168,56.7,137,6.11,6933.9,0.9479,hdf,1,0,1,0,0,0,0,0
283,2025-07-13 18:00:00,CRS-08,L47282,L,300.7,308.1,1200,68.8,253,7.39,8647.9,0.9999,osf,1,1,1,0,1,0,1,0
284,2025-07-14 00:00:00,CRS-08,L47283,L,299.9,308.8,1168,48.1,130,8.92,5883.5,0.4114,hdf,1,0,0,0,0,0,0,0
285,2025-07-14 06:00:00,PKR-09,L47284,L,301.0,311.0,1168,53.0,56,10.04,6482.2,0.251,tol,1,0,0,0,0,0,0,0
286,2025-07-14 12:00:00,PKR-09,L47285,L,301.0,311.8,1374,41.3,20,10.85,5937.7,0.0117,tol,0,0,0,0,0,0,0,0
287,2025-07-14 18:00:00,PKR-09,L47286,L,300.5,308.6,1258,48.3,13,8.06,6355.9,0.7958,hdf,1,0,1,0,0,0,0,0
288,2025-07-15 00:00:00,CRS-08,L47287,L,300.1,309.7,1168,60.2,37,9.62,7368.0,0.7364,tol,1,0,0,0,0,0,1,0
289,2025-07-15 06:00:00,CRS-08,L47288,L,299.6,310.6,1237,33.0,119,11.01,4273.1,0.0249,pwf,0,0,0,0,0,0,0,0
290,2025-07-15 12:00:00,CRS-08,L47289,L,299.2,307.7,2141,30.0,168,8.55,6728.1,0.0104,twf,0,0,0,0,0,0,0,0
291,2025-07-15 18:00:00,CLC-06,M47290,M,298.3,308.6,2528,28.8,72,10.23,7624.4,0.3728,osp,0,0,0,0,0,0,0,0
292,2025-07-16 00:00:00,PKR-09,L47291,L,297.4,307.5,1168,50.9,52,10.07,6230.4,0.1545,tol,0,0,0,0,0,0,0,0
293,2025-07-16 06:00:00,KLN-01,H47292,H,297.5,309.2,1168,48.8,125,11.71,5965.4,0.0737,tol,0,0,0,0,0,0,0,0
294,2025-07-16 12:00:00,CRS-08,L47293,L,297.2,307.0,2399,34.1,68,9.77,8565.2,0.0691,osp,0,0,0,0,0,0,0,0
295,2025-07-16 18:00:00,BLR-03,M47294,M,298.1,308.0,2886,16.5,45,9.83,4987.8,0.8997,osp,1,0,0,0,0,1,0,0
296,2025-07-17 00:00:00,KLN-02,H47295,H,298.4,309.3,2021,30.4,74,10.85,6423.0,0.0042,rnf,0,0,0,0,0,0,0,0
297,2025-07-17 06:00:00,KLN-02,H47296,H,298.7,307.4,1514,46.0,36,8.67,7299.6,0.0792,hdf,0,0,0,0,0,0,0,0
298,2025-07-17 12:00:00,BLR-03,M47297,M,298.3,308.1,2810,27.1,164,9.78,7987.4,0.8973,osp,1,0,0,0,0,1,0,0
299,2025-07-17 18:00:00,BLR-03,M47298,M,298.3,307.8,1168,42.0,77,9.54,5135.2,0.101,hdf,0,0,0,0,0,0,0,0
300,2025-07-18 00:00:00,CLC-06,M47299,M,298.6,307.1,1433,34.2,90,8.4,5138.6,0.2612,hdf,0,0,0,0,0,0,0,0
301,2025-07-18 06:00:00,FAN-07,M47300,M,299.2,310.1,1190,51.2,13,10.85,6373.7,0.1465,tol,0,0,0,0,0,0,0,0
302,2025-07-18 12:00:00,PKR-09,L47301,L,299.2,309.8,1822,43.8,144,10.55,8351.7,0.0254,tol,0,0,0,0,0,0,0,0
303,2025-07-18 18:00:00,PKR-09,L47302,L,300.0,309.2,1168,36.2,194,9.25,4429.1,0.308,hdf,0,0,0,0,0,0,0,0
304,2025-07-19 00:00:00,PKR-09,L47303,L,300.0,310.1,1236,41.7,204,10.14,5405.8,0.4242,twf,1,0,0,0,0,0,0,0
305,2025-07-19 06:00:00,FAN-07,M47304,M,300.5,312.0,1360,45.8,101,11.49,6516.2,0.0311,tol,0,0,0,0,0,0,0,0
306,2025-07-19 12:00:00,PKR-09,L47305,L,300.2,307.8,1433,45.0,33,7.68,6759.5,0.3423,hdf,1,0,0,0,0,0,0,0
307,2025-07-19 18:00:00,PKR-09,L47306,L,298.9,308.3,2452,22.9,115,9.34,5885.3,0.1169,osp,0,0,0,0,0,0,0,0
308,2025-07-20 00:00:00,CML-05,M47307,M,299.2,307.1,1168,44.1,116,7.96,5394.4,0.8286,hdf,1,0,1,0,0,0,0,0
309,2025-07-20 06:00:00,CRS-08,L47308,L,299.7,309.6,1168,48.7,56,9.94,5957.4,0.1005,tol,1,0,0,0,0,0,0,0
310,2025-07-20 12:00:00,CRS-08,L47309,L,300.1,308.5,1168,66.6,83,8.37,8144.0,0.9619,tol,1,0,1,0,0,0,1,0
311,2025-07-20 18:00:00,CRS-08,L47310,L,300.4,311.8,1471,46.2,78,11.41,7122.2,0.0354,tol,0,0,0,0,0,0,0,0
312,2025-07-21 00:00:00,CRS-08,L47311,L,300.1,309.4,1858,29.4,19,9.23,5716.0,0.0041,rnf,0,0,0,0,0,0,0,0
313,2025-07-21 06:00:00,PKR-09,L47312,L,299.6,310.6,1837,31.1,9,11.03,5978.9,0.0042,rnf,0,0,0,0,0,0,0,0
314,2025-07-21 12:00:00,CRS-08,L47313,L,300.0,309.4,2886,8.6,190,9.38,2585.5,0.9908,pwf,1,0,0,1,0,1,0,0
315,2025-07-21 18:00:00,PKR-09,L47314,L,300.3,309.6,1877,42.1,28,9.37,8271.7,0.0156,tol,0,0,0,0,0,0,0,0
316,2025-07-22 00:00:00,PKR-09,L47315,L,299.9,304.5,1530,38.7,40,4.6,6193.6,0.0646,hdf,0,0,0,0,0,0,0,0
317,2025-07-22 06:00:00,CRS-08,L47316,L,300.6,311.6,2528,27.6,207,10.99,7316.5,0.6377,twf,1,0,0,0,0,0,0,0
318,2025-07-22 12:00:00,CML-05,M47317,M,300.0,310.2,2093,27.6,77,10.21,6042.4,0.0041,rnf,0,0,0,0,0,0,0,0
319,2025-07-22 18:00:00,PKR-09,L47318,L,299.6,310.4,2886,16.9,32,10.76,5112.5,0.8997,osp,0,0,0,0,0,1,0,0
320,2025-07-23 00:00:00,KLN-01,H47319,H,300.7,310.4,2886,5.7,192,9.71,1718.4,0.991,pwf,1,0,0,1,0,1,0,0
321,2025-07-23 06:00:00,KLN-02,H47320,H,301.3,306.5,1168,38.6,58,5.23,4715.2,0.8966,hdf,0,0,1,0,0,0,0,0
322,2025-07-23 12:00:00,PKR-09,L47321,L,301.0,310.3,1168,65.5,253,9.34,8014.2,0.9988,osf,1,1,0,0,1,0,1,0
323,2025-07-23 18:00:00,CRS-08,L47322,L,301.1,312.0,1168,59.8,176,10.9,7310.0,0.9404,osf,1,0,0,0,1,0,1,0
324,2025-07-24 00:00:00,CRS-08,L47323,L,301.1,310.4,2043,29.2,83,9.31,6257.0,0.0041,rnf,0,0,0,0,0,0,0,0
325,2025-07-24 06:00:00,FAN-07,M47324,M,299.2,310.7,1168,41.6,53,11.49,5094.2,0.0114,tol,0,0,0,0,0,0,0,0
326,2025-07-24 12:00:00,CLC-06,M47325,M,298.6,308.3,1815,25.8,114,9.68,4901.4,0.0043,rnf,0,0,0,0,0,0,0,0
327,2025-07-24 18:00:00,FAN-07,M47326,M,298.7,308.7,2726,25.6,66,10.02,7297.8,0.8801,osp,1,0,0,0,0,1,0,0
328,2025-07-25 00:00:00,CRS-08,L47327,L,298.5,309.3,2886,26.8,47,10.76,8107.9,0.8998,osp,0,0,0,0,0,1,0,0
329,2025-07-25 06:00:00,FAN-07,M47328,M,298.8,308.8,1336,37.5,38,10.02,5250.5,0.0257,hdf,0,0,0,0,0,0,0,0
330,2025-07-25 12:00:00,PKR-09,L47329,L,299.6,309.3,1715,38.0,131,9.7,6822.5,0.0063,rnf,0,0,0,0,0,0,0,0
331,2025-07-25 18:00:00,BLR-03,M47330,M,299.4,309.4,1392,42.8,27,9.97,6237.1,0.0306,hdf,0,0,0,0,0,0,0,0
332,2025-07-26 00:00:00,CRS-08,L47331,L,298.7,309.6,1183,47.3,130,10.89,5859.4,0.0505,tol,0,0,0,0,0,0,0,0
333,2025-07-26 06:00:00,CLC-06,M47332,M,299.0,305.4,2173,36.3,59,6.37,8258.0,0.0088,rnf,0,0,0,0,0,0,0,0
334,2025-07-26 12:00:00,CLC-06,M47333,M,298.9,308.7,1168,56.4,78,9.87,6900.1,0.4876,tol,0,0,0,0,0,0,0,0
335,2025-07-26 18:00:00,CRS-08,L47334,L,298.8,308.8,2886,22.4,223,10.01,6782.2,0.978,osp,1,1,0,0,0,1,0,0
336,2025-07-27 00:00:00,CLC-06,M47335,M,298.7,309.6,2042,37.6,99,10.86,8031.3,0.0065,rnf,0,0,0,0,0,0,0,0
337,2025-07-27 06:00:00,CRS-08,L47336,L,300.3,310.2,2886,15.4,71,9.9,4648.7,0.8998,osp,1,0,0,0,0,1,0,0
338,2025-07-27 12:00:00,FAN-07,M47337,M,298.8,310.6,1555,47.1,49,11.81,7674.4,0.0458,tol,0,0,0,0,0,0,0,0
339,2025-07-27 18:00:00,PKR-09,L47338,L,298.6,308.4,1674,36.3,65,9.84,6358.8,0.0053,rnf,0,0,0,0,0,0,0,0
340,2025-07-28 00:00:00,RMM-04,H47339,H,298.7,308.4,2886,19.4,59,9.76,5868.4,0.8997,osp,1,0,0,0,0,1,0,0
341,2025-07-28 06:00:00,CRS-08,L47340,L,298.2,308.0,1496,50.0,177,9.83,7832.8,0.2873,osf,1,0,0,0,0,0,0,0
342,2025-07-28 12:00:00,RMM-04,H47341,H,298.9,307.6,2736,26.3,92,8.68,7525.1,0.884,osp,1,0,0,0,0,1,0,0
343,2025-07-28 18:00:00,CML-05,M47342,M,299.5,308.5,1533,46.9,169,8.96,7532.6,0.073,tol,0,0,0,0,0,0,0,0
344,2025-07-29 00:00:00,CRS-08,L47343,L,299.5,309.0,1168,33.6,45,9.47,4113.7,0.1613,hdf,0,0,0,0,0,0,0,0
345,2025-07-29 06:00:00,CML-05,M47344,M,299.4,310.5,1854,40.4,134,11.14,7837.4,0.0089,tol,0,0,0,0,0,0,0,0
346,2025-07-29 12:00:00,CML-05,M47345,M,299.3,309.3,1168,52.0,24,9.97,6357.6,0.2033,tol,0,0,0,0,0,0,0,0
347,2025-07-29 18:00:00,KLN-02,H47346,H,299.3,308.8,1931,29.5,49,9.52,5963.6,0.0041,rnf,0,0,0,0,0,0,0,0
348,2025-07-30 00:00:00,PKR-09,L47347,L,299.3,310.5,1578,40.8,167,11.23,6747.5,0.0179,tol,0,0,0,0,0,0,0,0
349,2025-07-30 06:00:00,CRS-08,L47348,L,299.2,310.8,1310,46.1,49,11.55,6322.8,0.034,tol,0,0,0,0,0,0,0,0
350,2025-07-30 12:00:00,PKR-09,L47349,L,299.4,310.7,1580,41.3,19,11.26,6830.2,0.0102,tol,0,0,0,0,0,0,0,0
351,2025-07-30 18:00:00,BLR-03,M47350,M,300.0,305.0,1168,44.3,115,5.05,5416.6,0.898,hdf,0,0,1,0,0,0,0,0
352,2025-07-31 00:00:00,PKR-09,L47351,L,299.1,308.7,2886,25.4,35,9.5,7668.6,0.8997,osp,1,0,0,0,0,1,0,0
353,2025-07-31 06:00:00,CRS-08,L47352,L,298.5,308.4,1440,46.1,31,9.94,6953.2,0.0438,tol,0,0,0,0,0,0,0,0
354,2025-07-31 12:00:00,PKR-09,L47353,L,297.4,307.6,1837,34.7,56,10.24,6665.7,0.0047,rnf,0,0,0,0,0,0,0,0
355,2025-07-31 18:00:00,CRS-08,L47354,L,298.1,307.9,1439,43.8,252,9.73,6606.3,0.9866,twf,1,1,0,0,1,0,0,0
356,2025-08-01 00:00:00,CRS-08,L47355,L,298.4,309.1,1412,50.1,96,10.72,7413.3,0.1098,tol,0,0,0,0,0,0,0,0
357,2025-08-01 06:00:00,FAN-07,M47356,M,298.9,309.9,1533,60.5,115,11.01,9717.8,0.9691,pwf,1,0,0,1,0,0,1,0
358,2025-08-01 12:00:00,BLR-03,M47357,M,298.0,307.4,1168,45.1,90,9.43,5519.1,0.1445,hdf,0,0,0,0,0,0,0,0
359,2025-08-01 18:00:00,PKR-09,L47358,L,299.3,309.5,1168,44.1,67,10.22,5393.8,0.0329,tol,0,0,0,0,0,0,0,0
360,2025-08-02 00:00:00,CRS-08,L47359,L,298.9,309.8,1168,65.0,96,10.93,7949.5,0.8555,tol,1,0,0,0,0,0,1,0
361,2025-08-02 06:00:00,KLN-02,H47360,H,299.1,307.9,1410,56.5,116,8.84,8337.0,0.585,tol,1,0,0,0,0,0,0,0
362,2025-08-02 12:00:00,PKR-09,L47361,L,299.7,309.7,1769,39.6,71,10.01,7340.8,0.0076,rnf,0,0,0,0,0,0,0,0
363,2025-08-02 18:00:00,PKR-09,L47362,L,299.1,308.0,1198,41.8,128,8.89,5245.3,0.3972,hdf,0,0,0,0,0,0,0,0
364,2025-08-03 00:00:00,CRS-08,L47363,L,298.8,307.8,1680,50.3,117,9.02,8840.1,0.2335,pwf,1,0,0,0,0,0,0,0
365,2025-08-03 06:00:00,CLC-06,M47364,M,299.0,308.4,1168,34.6,207,9.44,4232.7,0.5064,twf,0,0,0,0,0,0,0,0
366,2025-08-03 12:00:00,CRS-08,L47365,L,301.0,311.4,2558,25.3,116,10.48,6781.0,0.5136,osp,1,0,0,0,0,1,0,0
367,2025-08-03 18:00:00,BLR-03,M47366,M,301.1,310.8,1168,45.4,198,9.68,5556.1,0.2991,twf,0,0,0,0,0,0,0,0
368,2025-08-04 00:00:00,CLC-06,M47367,M,302.1,311.5,1208,61.9,149,9.35,7826.9,0.8254,tol,1,0,0,0,0,0,1,0
369,2025-08-04 06:00:00,PKR-09,L47368,L,302.8,312.9,2257,26.7,84,10.05,6313.4,0.0062,rnf,0,0,0,0,0,0,0,0
370,2025-08-04 12:00:00,BLR-03,M47369,M,302.9,311.7,1168,45.5,31,8.85,5566.0,0.4299,hdf,0,0,0,0,0,0,0,0
371,2025-08-04 18:00:00,FAN-07,M47370,M,302.0,312.5,1168,55.7,108,10.43,6818.0,0.4224,tol,1,0,0,0,0,0,0,0
372,2025-08-05 00:00:00,CRS-08,L47371,L,302.6,308.8,2223,22.1,135,6.13,5137.9,0.0053,rnf,0,0,0,0,0,0,0,0
373,2025-08-05 06:00:00,CRS-08,L47372,L,301.5,311.4,1168,51.2,138,9.92,6268.0,0.1803,tol,1,0,0,0,0,0,0,0
374,2025-08-05 12:00:00,CRS-08,L47373,L,302.5,312.3,2886,12.1,3,9.8,3654.5,0.9516,osp,1,0,0,1,0,1,0,0
375,2025-08-05 18:00:00,CRS-08,L47374,L,302.5,312.8,1366,35.6,48,10.37,5092.6,0.0113,hdf,0,0,0,0,0,0,0,0
376,2025-08-06 00:00:00,PKR-09,L47375,L,300.5,308.5,1168,60.2,95,7.97,7368.8,0.9499,hdf,1,0,1,0,0,0,1,0
377,2025-08-06 06:00:00,KLN-01,H47376,H,300.3,309.7,1168,31.7,78,9.46,3877.5,0.302,pwf,0,0,0,0,0,0,0,0
378,2025-08-06 12:00:00,CRS-08,L47377,L,300.7,313.8,1168,41.0,44,13.1,5013.5,0.0097,tol,0,0,0,0,0,0,0,0
379,2025-08-06 18:00:00,PKR-09,L47378,L,300.5,310.4,1168,48.4,39,9.88,5918.9,0.0996,tol,0,0,0,0,0,0,0,0
380,2025-08-07 00:00:00,CLC-06,M47379,M,300.9,310.8,2886,21.1,14,9.88,6382.5,0.8997,osp,1,0,0,0,0,1,0,0
381,2025-08-07 06:00:00,CRS-08,L47380,L,300.3,311.0,1557,40.8,91,10.74,6652.8,0.0094,tol,0,0,0,0,0,0,0,0
382,2025-08-07 12:00:00,RMM-04,H47381,H,299.4,311.0,1617,40.7,30,11.65,6893.9,0.0091,tol,0,0,0,0,0,0,0,0
383,2025-08-07 18:00:00,FAN-07,M47382,M,299.4,310.4,1168,60.5,41,10.97,7398.1,0.7275,tol,0,0,0,0,0,0,1,0
384,2025-08-08 00:00:00,PKR-09,L47383,L,299.4,307.3,2863,26.4,60,7.84,7918.4,0.8993,osp,1,0,0,0,0,1,0,0
385,2025-08-08 06:00:00,PKR-09,L47384,L,299.2,309.8,1925,35.8,102,10.56,7218.4,0.005,rnf,0,0,0,0,0,0,0,0
386,2025-08-08 12:00:00,RMM-04,H47385,H,300.1,312.7,2886,29.8,58,12.57,9002.6,0.9307,osp,0,0,0,0,0,1,0,0
387,2025-08-08 18:00:00,FAN-07,M47386,M,299.5,310.2,1916,29.4,121,10.62,5900.7,0.0041,rnf,0,0,0,0,0,0,0,0
388,2025-08-09 00:00:00,KLN-01,H47387,H,299.8,308.6,1168,57.2,72,8.85,6993.5,0.7233,tol,0,0,0,0,0,0,1,0
389,2025-08-09 06:00:00,PKR-09,L47388,L,299.8,310.1,1168,40.3,130,10.28,4928.4,0.0201,hdf,0,0,0,0,0,0,0,0
390,2025-08-09 12:00:00,BLR-03,M47389,M,298.8,307.5,1690,33.9,166,8.72,5997.0,0.0102,twf,0,0,0,0,0,0,0,0
391,2025-08-09 18:00:00,CLC-06,M47390,M,298.0,309.2,2479,28.7,127,11.23,7453.2,0.1858,osp,0,0,0,0,0,0,0,0
392,2025-08-10 00:00:00,CRS-08,L47391,L,298.1,307.1,1671,33.8,27,9.04,5913.7,0.0054,rnf,0,0,0,0,0,0,0,0
393,2025-08-10 06:00:00,CRS-08,L47392,L,299.6,309.6,1883,34.8,45,10.07,6861.6,0.0047,rnf,0,0,0,0,0,0,0,0
394,2025-08-10 12:00:00,CLC-06,M47393,M,300.0,306.2,1262,48.1,121,6.24,6356.8,0.8755,hdf,1,0,1,0,0,0,0,0
395,2025-08-10 18:00:00,CRS-08,L47394,L,298.8,308.3,1327,37.2,181,9.45,5162.2,0.1334,hdf,0,0,0,0,0,0,0,0
396,2025-08-11 00:00:00,CRS-08,L47395,L,296.8,308.3,1168,38.4,93,11.49,4702.8,0.0079,rnf,0,0,0,0,0,0,0,0
397,2025-08-11 06:00:00,FAN-07,M47396,M,297.5,307.6,1738,31.7,68,10.1,5762.6,0.0043,rnf,0,0,0,0,0,0,0,0
398,2025-08-11 12:00:00,PKR-09,L47397,L,297.6,307.0,1282,43.5,253,9.44,5842.1,0.9876,twf,1,1,0,0,1,0,0,0
399,2025-08-11 18:00:00,CRS-08,L47398,L,298.5,307.3,1290,58.5,159,8.85,7908.7,0.8505,tol,1,0,0,0,0,0,1,0
400,2025-08-12 00:00:00,PKR-09,L47399,L,298.0,306.1,1553,38.8,60,8.13,6311.1,0.038,hdf,0,0,0,0,0,0,0,0
401,2025-08-12 06:00:00,CRS-08,L47400,L,298.3,304.5,1665,38.4,78,6.14,6699.4,0.0094,rnf,0,0,0,0,0,0,0,0
402,2025-08-12 12:00:00,RMM-04,H47401,H,299.0,309.1,1168,55.0,85,10.11,6731.1,0.3778,tol,1,0,0,0,0,0,0,0
403,2025-08-12 18:00:00,CLC-06,M47402,M,298.8,309.7,1168,63.3,120,10.98,7745.4,0.8248,tol,1,0,0,0,0,0,1,0
404,2025-08-13 00:00:00,CRS-08,L47403,L,298.5,308.0,1591,28.6,36,9.44,4768.9,0.0069,rnf,0,0,0,0,0,0,0,0
405,2025-08-13 06:00:00,RMM-04,H47404,H,298.6,310.2,1475,29.9,38,11.57,4624.2,0.0061,rnf,0,0,0,0,0,0,0,0
406,2025-08-13 12:00:00,CLC-06,M47405,M,299.1,308.4,2148,28.3,113,9.28,6376.4,0.0043,rnf,0,0,0,0,0,0,0,0
407,2025-08-13 18:00:00,CRS-08,L47406,L,299.1,308.9,1202,51.6,123,9.76,6497.6,0.2069,tol,0,0,0,0,0,0,0,0
408,2025-08-14 00:00:00,CML-05,M47407,M,299.9,308.8,1168,51.2,48,8.92,6262.2,0.4617,hdf,1,0,0,0,0,0,0,0
409,2025-08-14 06:00:00,PKR-09,L47408,L,299.5,310.5,1711,42.6,114,10.99,7639.8,0.0138,tol,0,0,0,0,0,0,0,0
410,2025-08-14 12:00:00,KLN-02,H47409,H,298.7,310.8,1286,62.0,22,12.1,8346.7,0.7873,tol,1,0,0,0,0,0,1,0
411,2025-08-14 18:00:00,BLR-03,M47410,M,300.1,308.3,1168,40.1,70,8.24,4898.7,0.7539,hdf,1,0,1,0,0,0,0,0
412,2025-08-15 00:00:00,FAN-07,M47411,M,299.7,309.3,1696,56.2,198,9.65,9978.5,0.9869,pwf,1,0,0,1,1,0,0,0
413,2025-08-15 06:00:00,CRS-08,L47412,L,299.3,310.6,1168,45.7,52,11.26,5592.7,0.0311,tol,1,0,0,0,0,0,0,0
414,2025-08-15 12:00:00,BLR-03,M47413,M,299.3,305.9,2083,33.5,14,6.62,7314.6,0.0045,rnf,0,0,0,0,0,0,0,0
415,2025-08-15 18:00:00,PKR-09,L47414,L,299.4,310.0,1181,56.4,127,10.57,6978.8,0.4752,tol,0,0,0,0,0,0,0,0
416,2025-08-16 00:00:00,PKR-09,L47415,L,299.2,310.4,1548,55.7,139,11.22,9032.7,0.6298,tol,1,0,0,0,0,0,0,0
417,2025-08-16 06:00:00,PKR-09,L47416,L,299.2,309.3,1168,54.7,51,10.08,6695.2,0.3585,tol,0,0,0,0,0,0,0,0
418,2025-08-16 12:00:00,CLC-06,M47417,M,299.2,309.8,1686,33.5,43,10.55,5922.7,0.0045,rnf,0,0,0,0,0,0,0,0
419,2025-08-16 18:00:00,CRS-08,L47418,L,299.4,308.1,1380,34.7,97,8.75,5020.9,0.324,hdf,0,0,0,0,0,0,0,0
420,2025-08-17 00:00:00,RMM-04,H47419,H,297.8,309.8,1958,28.0,61,11.95,5745.9,0.0041,rnf,0,0,0,0,0,0,0,0
421,2025-08-17 06:00:00,FAN-07,M47420,M,299.2,309.2,2635,29.8,46,9.94,8231.2,0.7812,osp,0,0,0,0,0,1,0,0
422,2025-08-17 12:00:00,CRS-08,L47421,L,299.2,308.7,1589,35.3,124,9.47,5874.7,0.0069,rnf,0,0,0,0,0,0,0,0
423,2025-08-17 18:00:00,PKR-09,L47422,L,299.6,308.7,2886,13.3,98,9.08,4006.0,0.9101,osp,0,0,0,0,0,1,0,0
424,2025-08-18 00:00:00,CRS-08,L47423,L,298.7,309.7,1412,37.4,82,10.98,5536.9,0.0064,rnf,0,0,0,0,0,0,0,0
425,2025-08-18 06:00:00,CML-05,M47424,M,298.5,307.1,1168,37.6,57,8.63,4602.3,0.5623,hdf,1,0,1,0,0,0,0,0
426,2025-08-18 12:00:00,BLR-03,M47425,M,298.1,307.9,1168,46.3,137,9.75,5662.7,0.0863,hdf,0,0,0,0,0,0,0,0
427,2025-08-18 18:00:00,CRS-08,L47426,L,299.2,309.3,1210,44.7,50,10.1,5657.6,0.0411,hdf,0,0,0,0,0,0,0,0
428,2025-08-19 00:00:00,CLC-06,M47427,M,298.9,308.4,1587,32.2,45,9.5,5354.1,0.0063,rnf,0,0,0,0,0,0,0,0
429,2025-08-19 06:00:00,PKR-09,L47428,L,299.4,309.7,2886,25.4,244,10.28,7684.0,0.989,osp,1,1,0,0,0,1,0,0
430,2025-08-19 12:00:00,BLR-03,M47429,M,299.0,311.6,1590,37.4,28,12.56,6231.3,0.0057,rnf,0,0,0,0,0,0,0,0
431,2025-08-19 18:00:00,RMM-04,H47430,H,298.8,308.7,1168,56.3,23,9.88,6891.8,0.4824,tol,0,0,0,0,0,0,0,0
432,2025-08-20 00:00:00,FAN-07,M47431,M,298.7,308.3,1361,31.0,47,9.56,4412.9,0.0753,hdf,0,0,0,0,0,0,0,0
433,2025-08-20 06:00:00,BLR-03,M47432,M,299.6,310.7,1421,32.1,23,11.02,4774.6,0.0056,rnf,0,0,0,0,0,0,0,0
434,2025-08-20 12:00:00,FAN-07,M47433,M,298.4,308.6,2472,27.6,24,10.24,7141.8,0.1656,osp,0,0,0,0,0,0,0,0
435,2025-08-20 18:00:00,PKR-09,L47434,L,297.6,309.0,2815,23.7,180,11.44,6984.9,0.8999,osp,1,0,0,0,0,1,0,0
436,2025-08-21 00:00:00,CRS-08,L47435,L,296.4,306.6,1179,49.5,83,10.16,6114.5,0.1058,tol,1,0,0,0,0,0,0,0
437,2025-08-21 06:00:00,CRS-08,L47436,L,295.9,305.7,1207,42.2,84,9.75,5339.0,0.0629,hdf,0,0,0,0,0,0,0,0
438,2025-08-21 12:00:00,PKR-09,L47437,L,295.6,303.8,1214,54.1,19,8.22,6877.1,0.8279,hdf,1,0,1,0,0,0,0,0
439,2025-08-21 18:00:00,CML-05,M47438,M,294.8,299.1,1461,36.0,100,4.31,5513.8,0.2233,hdf,0,0,0,0,0,0,0,0
440,2025-08-22 00:00:00,CML-05,M47439,M,294.6,302.7,1168,62.8,196,8.16,7684.9,0.9958,osf,1,0,1,0,1,0,1,0
441,2025-08-22 06:00:00,CML-05,M47440,M,293.5,303.9,2507,22.6,54,10.38,5946.3,0.2851,osp,1,0,0,0,0,0,0,0
442,2025-08-22 12:00:00,CRS-08,L47441,L,293.2,301.9,1459,37.1,86,8.64,5672.1,0.1455,hdf,0,0,0,0,0,0,0,0
443,2025-08-22 18:00:00,FAN-07,M47442,M,294.5,303.8,2412,25.7,3,9.31,6489.6,0.0564,osp,0,0,0,0,0,0,0,0
444,2025-08-23 00:00:00,CRS-08,L47443,L,295.1,305.1,1168,50.1,76,10.03,6123.9,0.1277,tol,0,0,0,0,0,0,0,0
445,2025-08-23 06:00:00,CRS-08,L47444,L,295.5,305.2,1528,41.3,54,9.76,6610.9,0.0136,tol,0,0,0,0,0,0,0,0
446,2025-08-23 12:00:00,FAN-07,M47445,M,295.1,304.2,1168,47.2,103,9.16,5768.7,0.268,hdf,1,0,0,0,0,0,0,0
447,2025-08-23 18:00:00,RMM-04,H47446,H,294.3,305.0,1168,34.0,72,10.62,4154.1,0.0499,pwf,1,0,0,0,0,0,0,0
448,2025-08-24 00:00:00,FAN-07,M47447,M,293.9,303.1,1579,43.9,49,9.2,7254.3,0.0233,tol,0,0,0,0,0,0,0,0
449,2025-08-24 06:00:00,PKR-09,L47448,L,294.2,303.3,1715,44.6,165,9.01,8019.8,0.0379,tol,0,0,0,0,0,0,0,0
450,2025-08-24 12:00:00,BLR-03,M47449,M,295.2,306.4,1549,41.5,65,11.19,6737.1,0.0107,tol,0,0,0,0,0,0,0,0
451,2025-08-24 18:00:00,PKR-09,L47450,L,296.1,306.4,1726,32.5,13,10.35,5872.3,0.0043,rnf,0,0,0,0,0,0,0,0
452,2025-08-25 00:00:00,CML-05,M47451,M,296.7,306.5,1419,61.5,102,9.77,9137.0,0.8883,tol,0,0,0,1,0,0,1,0
453,2025-08-25 06:00:00,CML-05,M47452,M,296.4,302.5,1168,62.6,39,6.08,7651.1,0.9795,hdf,1,0,1,0,0,0,1,0
454,2025-08-25 12:00:00,CRS-08,L47453,L,296.7,305.0,1584,27.8,56,8.32,4610.1,0.0208,hdf,0,0,0,0,0,0,0,0
455,2025-08-25 18:00:00,PKR-09,L47454,L,296.6,307.0,1395,47.9,45,10.38,7003.4,0.0621,tol,0,0,0,0,0,0,0,0
456,2025-08-26 00:00:00,PKR-09,L47455,L,296.7,305.9,2886,8.3,64,9.18,2521.6,0.9899,pwf,1,0,0,1,0,1,0,0
457,2025-08-26 06:00:00,KLN-01,H47456,H,298.3,310.4,1280,47.4,62,12.07,6349.9,0.0487,tol,0,0,0,0,0,0,0,0
458,2025-08-26 12:00:00,CRS-08,L47457,L,297.2,306.6,1678,29.1,72,9.42,5116.1,0.0045,rnf,0,0,0,0,0,0,0,0
459,2025-08-26 18:00:00,CLC-06,M47458,M,297.2,306.5,1524,34.2,32,9.34,5461.1,0.0159,hdf,0,0,0,0,0,0,0,0
460,2025-08-27 00:00:00,FAN-07,M47459,M,298.2,308.0,2322,25.6,86,9.81,6215.1,0.0126,osp,0,0,0,0,0,0,0,0
461,2025-08-27 06:00:00,PKR-09,L47460,L,297.3,308.1,1305,37.6,110,10.81,5143.5,0.0081,rnf,0,0,0,0,0,0,0,0
462,2025-08-27 12:00:00,PKR-09,L47461,L,297.0,307.8,1286,49.2,164,10.73,6628.8,0.1297,tol,0,0,0,0,0,0,0,0
463,2025-08-27 18:00:00,KLN-01,H47462,H,296.9,301.4,2886,19.6,48,4.57,5914.3,0.8997,osp,1,0,0,0,0,1,0,0
464,2025-08-28 00:00:00,CRS-08,L47463,L,296.9,306.1,1255,47.8,180,9.16,6286.7,0.3744,hdf,1,0,0,0,0,0,0,0
465,2025-08-28 06:00:00,PKR-09,L47464,L,296.0,307.1,2122,34.4,38,11.08,7633.2,0.0048,rnf,0,0,0,0,0,0,0,0
466,2025-08-28 12:00:00,FAN-07,M47465,M,296.6,308.5,1168,66.8,95,11.85,8167.9,0.875,tol,1,0,0,0,0,0,1,0
467,2025-08-28 18:00:00,CML-05,M47466,M,297.3,307.0,1445,44.7,26,9.74,6773.1,0.0395,tol,0,0,0,0,0,0,0,0
468,2025-08-29 00:00:00,RMM-04,H47467,H,297.8,307.8,2728,27.1,111,10.03,7728.6,0.8812,osp,1,0,0,0,0,1,0,0
469,2025-08-29 06:00:00,CRS-08,L47468,L,297.3,306.8,2114,34.8,44,9.48,7708.6,0.0049,rnf,0,0,0,0,0,0,0,0
470,2025-08-29 12:00:00,PKR-09,L47469,L,297.6,307.2,1168,57.1,142,9.65,6986.2,0.5737,tol,0,0,0,0,0,0,1,0
471,2025-08-29 18:00:00,PKR-09,L47470,L,297.1,308.8,1168,47.9,27,11.71,5853.6,0.0565,tol,0,0,0,0,0,0,0,0
472,2025-08-30 00:00:00,PKR-09,L47471,L,297.0,306.0,1363,29.9,56,9.0,4267.5,0.258,hdf,1,0,0,0,0,0,0,0
473,2025-08-30 06:00:00,CRS-08,L47472,L,298.7,307.7,1612,37.1,50,9.06,6257.3,0.0087,rnf,0,0,0,0,0,0,0,0
474,2025-08-30 12:00:00,CRS-08,L47473,L,298.8,310.4,1873,37.4,19,11.61,7337.0,0.0057,rnf,0,0,0,0,0,0,0,0
475,2025-08-30 18:00:00,PKR-09,L47474,L,298.1,308.7,1422,49.5,72,10.62,7367.7,0.0919,tol,0,0,0,0,0,0,0,0
476,2025-08-31 00:00:00,PKR-09,L47475,L,298.3,310.5,1530,26.4,155,12.12,4223.1,0.0318,pwf,0,0,0,0,0,0,0,0
477,2025-08-31 06:00:00,CRS-08,L47476,L,297.5,307.1,2073,32.5,7,9.55,7064.0,0.0044,rnf,0,0,0,0,0,0,0,0
478,2025-08-31 12:00:00,CML-05,M47477,M,296.9,307.0,1233,55.3,79,10.13,7138.7,0.3949,tol,1,0,0,0,0,0,0,0
479,2025-08-31 18:00:00,CLC-06,M47478,M,296.3,305.7,1504,35.8,69,9.34,5639.7,0.0218,hdf,0,0,0,0,0,0,0,0
480,2025-09-01 00:00:00,PKR-09,L47479,L,296.3,306.4,1783,48.2,80,10.14,8991.2,0.3369,pwf,1,0,0,0,0,0,0,0
481,2025-09-01 06:00:00,PKR-09,L47480,L,297.1,305.3,1556,41.5,107,8.23,6769.6,0.039,hdf,0,0,0,0,0,0,0,0
482,2025-09-01 12:00:00,CRS-08,L47481,L,297.7,308.4,1168,64.4,112,10.68,7876.9,0.8474,tol,1,0,0,0,0,0,1,0
483,2025-09-01 18:00:00,CRS-08,L47482,L,298.2,308.5,1798,40.1,253,10.32,7551.9,0.9707,twf,1,1,0,0,1,0,0,0
484,2025-09-02 00:00:00,CRS-08,L47483,L,297.5,307.5,1168,40.3,84,9.94,4934.5,0.0386,hdf,0,0,0,0,0,0,0,0
485,2025-09-02 06:00:00,CRS-08,L47484,L,297.3,306.9,1696,33.4,172,9.61,5936.4,0.0148,twf,0,0,0,0,0,0,0,0
486,2025-09-02 12:00:00,CRS-08,L47485,L,297.7,306.8,1495,37.1,126,9.11,5815.1,0.0397,hdf,0,0,0,0,0,0,0,0
487,2025-09-02 18:00:00,CRS-08,L47486,L,297.4,308.1,1189,35.0,109,10.73,4358.1,0.0188,pwf,0,0,0,0,0,0,0,0
488,2025-09-03 00:00:00,CRS-08,L47487,L,297.3,306.2,1934,31.5,28,8.83,6375.4,0.0042,rnf,0,0,0,0,0,0,0,0
489,2025-09-03 06:00:00,PKR-09,L47488,L,297.8,308.3,1922,37.8,47,10.51,7599.4,0.006,rnf,0,0,0,0,0,0,0,0
490,2025-09-03 12:00:00,CRS-08,L47489,L,297.7,309.8,1168,58.6,86,12.07,7163.7,0.6205,tol,1,0,0,0,0,0,1,0
491,2025-09-03 18:00:00,FAN-07,M47490,M,298.0,309.5,2886,10.1,84,11.49,3054.8,0.9888,osp,1,0,0,1,0,1,0,0
492,2025-09-04 00:00:00,BLR-03,M47491,M,299.2,306.2,1168,40.0,88,6.97,4892.6,0.8926,hdf,0,0,1,0,0,0,0,0
493,2025-09-04 06:00:00,CLC-06,M47492,M,299.1,308.6,1168,47.8,128,9.46,5846.1,0.1608,hdf,0,0,0,0,0,0,0,0
494,2025-09-04 12:00:00,PKR-09,L47493,L,300.0,310.4,1556,29.7,245,10.42,4833.6,0.8927,twf,1,1,0,0,0,0,0,0
495,2025-09-04 18:00:00,FAN-07,M47494,M,300.4,310.3,1168,52.0,40,9.93,6366.3,0.2091,tol,1,0,0,0,0,0,0,0
496,2025-09-05 00:00:00,PKR-09,L47495,L,299.3,307.9,1264,40.8,73,8.6,5400.3,0.5608,hdf,1,0,1,0,0,0,0,0
497,2025-09-05 06:00:00,CRS-08,L47496,L,298.6,309.0,2322,29.2,88,10.39,7096.6,0.0126,osp,0,0,0,0,0,0,0,0
498,2025-09-05 12:00:00,CML-05,M47497,M,298.2,308.1,2886,17.9,110,9.99,5412.9,0.8997,osp,1,0,0,0,0,1,0,0
499,2025-09-05 18:00:00,CRS-08,L47498,L,297.7,309.6,1774,35.9,85,11.91,6665.6,0.005,rnf,0,0,0,0,0,0,0,0
500,2025-09-06 00:00:00,PKR-09,L47499,L,297.8,307.5,1561,44.1,55,9.75,7207.3,0.0213,tol,0,0,0,0,0,0,0,0
501,2025-09-06 06:00:00,CML-05,M47500,M,298.3,309.5,1168,59.2,14,11.17,7240.8,0.6595,tol,0,0,0,0,0,0,1,0
502,2025-09-06 12:00:00,FAN-07,M47501,M,299.3,308.0,1891,46.2,62,8.73,9156.7,0.5506,pwf,0,0,0,1,0,0,0,0
503,2025-09-06 18:00:00,RMM-04,H47502,H,299.5,307.0,1168,52.4,56,7.49,6407.8,0.9019,hdf,1,0,1,0,0,0,0,0
504,2025-09-07 00:00:00,CRS-08,L47503,L,299.2,310.0,1884,26.7,12,10.72,5269.0,0.0041,rnf,0,0,0,0,0,0,0,0
505,2025-09-07 06:00:00,PKR-09,L47504,L,297.9,309.0,2076,34.1,71,11.08,7419.3,0.0046,rnf,0,0,0,0,0,0,0,0
506,2025-09-07 12:00:00,CLC-06,M47505,M,298.1,307.1,1413,53.4,61,9.04,7906.2,0.3648,tol,1,0,0,0,0,0,0,0
507,2025-09-07 18:00:00,PKR-09,L47506,L,298.2,308.2,2205,30.2,193,10.02,6981.3,0.1244,twf,0,0,0,0,0,0,0,0
508,2025-09-08 00:00:00,CML-05,M47507,M,298.4,307.0,1335,52.9,136,8.62,7401.9,0.5977,hdf,1,0,0,0,0,0,0,0
509,2025-09-08 06:00:00,CRS-08,L47508,L,299.9,309.8,2886,20.4,123,9.82,6157.6,0.8997,osp,1,0,0,0,0,1,0,0
510,2025-09-08 12:00:00,PKR-09,L47509,L,300.8,311.6,1707,43.0,50,10.84,7690.0,0.015,tol,0,0,0,0,0,0,0,0
511,2025-09-08 18:00:00,CRS-08,L47510,L,301.3,310.8,1309,37.6,87,9.57,5152.9,0.083,hdf,0,0,0,0,0,0,0,0
512,2025-09-09 00:00:00,CLC-06,M47511,M,300.5,310.3,2886,20.5,60,9.75,6197.6,0.8997,osp,1,0,0,0,0,1,0,0
513,2025-09-09 06:00:00,PKR-09,L47512,L,300.2,309.0,1168,61.9,71,8.87,7567.5,0.8701,tol,0,0,0,0,0,0,1,0
514,2025-09-09 12:00:00,CRS-08,L47513,L,300.1,309.4,1348,47.0,231,9.35,6628.0,0.9811,twf,1,1,0,0,1,0,0,0
515,2025-09-09 18:00:00,CRS-08,L47514,L,299.6,311.3,1391,43.7,49,11.76,6371.1,0.018,tol,0,0,0,0,0,0,0,0
516,2025-09-10 00:00:00,PKR-09,L47515,L,299.9,310.0,1413,35.5,64,10.07,5247.1,0.0149,hdf,0,0,0,0,0,0,0,0
517,2025-09-10 06:00:00,PKR-09,L47516,L,300.2,309.2,1168,56.0,63,9.0,6847.0,0.617,tol,1,0,0,0,0,0,0,0
518,2025-09-10 12:00:00,CML-05,M47517,M,299.4,309.1,1767,38.8,126,9.69,7188.0,0.0068,rnf,0,0,0,0,0,0,0,0
519,2025-09-10 18:00:00,PKR-09,L47518,L,300.3,308.7,1421,44.4,64,8.4,6606.8,0.3164,hdf,0,0,0,0,0,0,0,0
520,2025-09-11 00:00:00,CLC-06,M47519,M,300.3,309.3,1377,48.1,40,8.99,6931.7,0.2699,hdf,0,0,0,0,0,0,0,0
521,2025-09-11 06:00:00,CLC-06,M47520,M,299.1,310.5,2193,31.4,24,11.36,7210.0,0.0048,rnf,0,0,0,0,0,0,0,0
522,2025-09-11 12:00:00,CRS-08,L47521,L,299.1,309.0,2886,7.9,54,9.86,2395.2,0.99,pwf,1,0,0,1,0,1,0,0
523,2025-09-11 18:00:00,PKR-09,L47522,L,299.4,311.3,1168,48.4,96,11.89,5925.8,0.067,tol,0,0,0,0,0,0,0,0
524,2025-09-12 00:00:00,FAN-07,M47523,M,300.1,310.0,2886,12.0,99,9.9,3616.5,0.9571,osp,1,0,0,1,0,1,0,0
525,2025-09-12 06:00:00,CRS-08,L47524,L,299.9,309.8,1858,36.4,28,9.96,7091.0,0.0052,rnf,0,0,0,0,0,0,0,0
526,2025-09-12 12:00:00,PKR-09,L47525,L,300.4,311.1,2136,34.4,59,10.64,7694.5,0.0049,rnf,0,0,0,0,0,0,0,0
527,2025-09-12 18:00:00,KLN-01,H47526,H,300.5,307.8,1634,45.4,53,7.33,7770.8,0.0339,tol,0,0,0,0,0,0,0,0
528,2025-09-13 00:00:00,KLN-01,H47527,H,299.6,309.8,1168,61.8,77,10.2,7560.0,0.7838,tol,1,0,0,0,0,0,1,0
529,2025-09-13 06:00:00,BLR-03,M47528,M,298.7,308.6,2886,18.6,157,9.95,5624.2,0.8998,osp,1,0,0,0,0,1,0,0
530,2025-09-13 12:00:00,PKR-09,L47529,L,299.5,311.0,1168,65.0,12,11.49,7952.3,0.8554,tol,0,0,0,0,0,0,1,0
531,2025-09-13 18:00:00,FAN-07,M47530,M,300.3,308.7,1168,59.9,114,8.33,7331.8,0.9149,hdf,1,0,1,0,0,0,1,0
532,2025-09-14 00:00:00,BLR-03,M47531,M,300.5,306.0,1168,43.8,43,5.49,5360.5,0.8977,hdf,1,0,1,0,0,0,0,0
533,2025-09-14 06:00:00,PKR-09,L47532,L,301.5,312.8,1730,24.4,8,11.24,4426.0,0.0111,pwf,0,0,0,0,0,0,0,0
534,2025-09-14 12:00:00,CLC-06,M47533,M,302.1,311.9,1168,51.0,33,9.74,6233.7,0.1834,tol,1,0,0,0,0,0,0,0
535,2025-09-14 18:00:00,PKR-09,L47534,L,302.5,311.6,1168,30.7,189,9.1,3753.2,0.5749,pwf,1,0,0,0,0,0,0,0
536,2025-09-15 00:00:00,PKR-09,L47535,L,301.7,311.9,1168,39.3,91,10.2,4809.8,0.0221,hdf,0,0,0,0,0,0,0,0
537,2025-09-15 06:00:00,PKR-09,L47536,L,302.8,312.6,2886,18.7,70,9.8,5648.1,0.8997,osp,1,0,0,0,0,1,0,0
538,2025-09-15 12:00:00,CRS-08,L47537,L,303.0,314.5,1431,24.3,92,11.54,3638.3,0.5432,pwf,1,0,0,1,0,0,0,0
539,2025-09-15 18:00:00,CRS-08,L47538,L,302.5,312.9,1442,49.3,154,10.34,7443.6,0.1048,tol,0,0,0,0,0,0,0,0
540,2025-09-16 00:00:00,BLR-03,M47539,M,301.9,312.1,2158,37.4,21,10.21,8453.8,0.0179,pwf,0,0,0,0,0,0,0,0
541,2025-09-16 06:00:00,RMM-04,H47540,H,302.0,312.9,1201,50.6,49,10.9,6357.9,0.1245,tol,0,0,0,0,0,0,0,0
542,2025-09-16 12:00:00,CRS-08,L47541,L,300.7,311.8,1168,52.5,54,11.09,6416.7,0.2051,tol,0,0,0,0,0,0,0,0
543,2025-09-16 18:00:00,BLR-03,M47542,M,301.2,312.0,1969,32.9,51,10.78,6792.4,0.0044,rnf,0,0,0,0,0,0,0,0
544,2025-09-17 00:00:00,RMM-04,H47543,H,300.5,311.9,1168,57.5,184,11.42,7038.6,0.6208,tol,0,0,0,0,0,0,1,0
545,2025-09-17 06:00:00,CRS-08,L47544,L,300.7,311.3,1347,40.5,176,10.61,5714.0,0.0344,twf,0,0,0,0,0,0,0,0
546,2025-09-17 12:00:00,PKR-09,L47545,L,300.3,310.5,1168,48.8,118,10.17,5970.0,0.0893,tol,0,0,0,0,0,0,0,0
547,2025-09-17 18:00:00,CRS-08,L47546,L,300.1,311.3,1265,41.1,64,11.24,5441.5,0.0104,tol,0,0,0,0,0,0,0,0
548,2025-09-18 00:00:00,CRS-08,L47547,L,299.6,309.5,1356,40.8,63,9.91,5789.8,0.0344,hdf,0,0,0,0,0,0,0,0
549,2025-09-18 06:00:00,CLC-06,M47548,M,299.5,309.5,2886,6.4,162,10.03,1919.8,0.99,pwf,1,0,0,1,0,1,0,0
550,2025-09-18 12:00:00,CRS-08,L47549,L,300.8,312.5,1667,38.0,135,11.72,6627.4,0.0062,rnf,0,0,0,0,0,0,0,0
551,2025-09-18 18:00:00,CRS-08,L47550,L,301.7,313.3,2886,25.0,25,11.62,7554.5,0.8997,osp,1,0,0,0,0,1,0,0
552,2025-09-19 00:00:00,PKR-09,L47551,L,301.8,311.8,1168,77.0,244,9.99,9418.1,0.9998,osf,1,1,0,1,1,0,1,0
553,2025-09-19 06:00:00,CRS-08,L47552,L,301.7,311.2,1168,57.4,86,9.55,7026.5,0.585,tol,0,0,0,0,0,0,1,0
554,2025-09-19 12:00:00,KLN-01,H47553,H,302.2,313.6,1168,49.4,30,11.46,6038.7,0.0878,tol,0,0,0,0,0,0,0,0
555,2025-09-19 18:00:00,PKR-09,L47554,L,302.8,313.6,1212,37.4,58,10.8,4744.4,0.009,rnf,0,0,0,0,0,0,0,0
556,2025-09-20 00:00:00,CRS-08,L47555,L,302.1,312.4,1755,28.9,90,10.32,5313.0,0.0041,rnf,0,0,0,0,0,0,0,0
557,2025-09-20 06:00:00,CRS-08,L47556,L,301.9,311.6,1502,32.8,93,9.68,5155.0,0.0116,hdf,1,0,0,0,0,0,0,0
558,2025-09-20 12:00:00,PKR-09,L47557,L,300.5,310.9,1168,61.4,29,10.33,7506.2,0.7669,tol,0,0,0,0,0,0,1,0
559,2025-09-20 18:00:00,CRS-08,L47558,L,301.3,311.3,2855,26.3,88,9.98,7872.3,0.899,osp,1,0,0,0,0,1,0,0
560,2025-09-21 00:00:00,CRS-08,L47559,L,302.6,311.9,2768,29.9,114,9.34,8655.7,0.8967,osp,0,0,0,0,0,1,0,0
561,2025-09-21 06:00:00,PKR-09,L47560,L,302.5,312.6,1201,51.3,137,10.13,6454.2,0.1711,tol,0,0,0,0,0,0,0,0
562,2025-09-21 12:00:00,PKR-09,L47561,L,300.9,311.2,1168,66.6,159,10.27,8143.3,0.9769,tol,1,0,0,0,1,0,1,0
563,2025-09-21 18:00:00,FAN-07,M47562,M,301.3,310.9,1168,58.3,19,9.62,7124.9,0.6289,tol,0,0,0,0,0,0,1,0
564,2025-09-22 00:00:00,BLR-03,M47563,M,300.6,311.5,1168,49.1,122,10.9,6007.9,0.0831,tol,0,0,0,0,0,0,0,0
565,2025-09-22 06:00:00,CLC-06,M47564,M,300.1,311.4,1168,53.2,34,11.29,6509.1,0.2465,tol,0,0,0,0,0,0,0,0
566,2025-09-22 12:00:00,FAN-07,M47565,M,300.5,311.5,1779,40.6,75,10.97,7559.4,0.0089,tol,0,0,0,0,0,0,0,0
567,2025-09-22 18:00:00,FAN-07,M47566,M,300.7,310.4,2886,17.2,212,9.72,5186.3,0.9559,osp,1,1,0,0,0,1,0,0
568,2025-09-23 00:00:00,CRS-08,L47567,L,300.3,311.0,1168,40.3,126,10.76,4930.0,0.0116,tol,0,0,0,0,0,0,0,0
569,2025-09-23 06:00:00,CRS-08,L47568,L,299.8,309.9,1168,52.6,140,10.08,6428.0,0.2333,tol,0,0,0,0,0,0,0,0
570,2025-09-23 12:00:00,CRS-08,L47569,L,299.9,308.7,1875,38.5,112,8.76,7561.6,0.0065,rnf,0,0,0,0,0,0,0,0
571,2025-09-23 18:00:00,CRS-08,L47570,L,299.7,310.3,1588,38.0,168,10.67,6320.5,0.0135,twf,0,0,0,0,0,0,0,0
572,2025-09-24 00:00:00,CML-05,M47571,M,298.9,309.1,1391,29.4,101,10.15,4281.3,0.0323,pwf,0,0,0,0,0,0,0,0
573,2025-09-24 06:00:00,CRS-08,L47572,L,298.8,311.4,2886,13.4,67,12.59,4035.7,0.9084,osp,1,0,0,0,0,1,0,0
574,2025-09-24 12:00:00,FAN-07,M47573,M,299.1,310.5,1168,60.2,166,11.46,7365.6,0.7822,tol,1,0,0,0,0,0,1,0
575,2025-09-24 18:00:00,BLR-03,M47574,M,299.0,309.7,1168,60.6,60,10.71,7414.3,0.734,tol,0,0,0,0,0,0,1,0
576,2025-09-25 00:00:00,PKR-09,L47575,L,298.1,308.4,1168,40.0,86,10.25,4888.9,0.0207,hdf,0,0,0,0,0,0,0,0
577,2025-09-25 06:00:00,KLN-02,H47576,H,298.9,309.1,1168,43.1,104,10.16,5271.3,0.0309,hdf,0,0,0,0,0,0,0,0
578,2025-09-25 12:00:00,CRS-08,L47577,L,297.1,306.1,1519,28.3,253,9.0,4503.2,0.901,twf,1,1,0,0,0,0,0,0
579,2025-09-25 18:00:00,CML-05,M47578,M,297.0,305.2,1375,47.1,40,8.26,6779.6,0.5321,hdf,1,0,1,0,0,0,0,0
580,2025-09-26 00:00:00,PKR-09,L47579,L,296.7,305.9,1312,50.6,176,9.13,6954.2,0.4668,hdf,1,0,0,0,0,0,0,0
581,2025-09-26 06:00:00,CRS-08,L47580,L,297.0,307.0,2281,23.2,45,9.95,5536.4,0.0077,rnf,0,0,0,0,0,0,0,0
582,2025-09-26 12:00:00,CRS-08,L47581,L,297.6,305.5,1168,48.5,186,7.89,5930.3,0.8913,hdf,1,0,1,0,0,0,0,0
583,2025-09-26 18:00:00,CRS-08,L47582,L,298.5,308.0,1370,45.9,19,9.46,6588.0,0.1108,hdf,1,0,0,0,0,0,0,0
584,2025-09-27 00:00:00,CRS-08,L47583,L,298.1,307.9,1504,47.9,89,9.75,7542.9,0.0624,tol,0,0,0,0,0,0,0,0
585,2025-09-27 06:00:00,RMM-04,H47584,H,298.6,308.4,1168,58.1,55,9.78,7102.8,0.6069,tol,1,0,0,0,0,0,1,0
586,2025-09-27 12:00:00,BLR-03,M47585,M,298.8,308.2,1168,57.7,162,9.34,7062.9,0.6604,tol,1,0,0,0,0,0,1,0
587,2025-09-27 18:00:00,CRS-08,L47586,L,297.7,307.4,1497,37.4,93,9.66,5869.1,0.0141,hdf,0,0,0,0,0,0,0,0
588,2025-09-28 00:00:00,PKR-09,L47587,L,299.2,310.9,1234,47.4,129,11.72,6125.4,0.0503,tol,0,0,0,0,0,0,0,0
589,2025-09-28 06:00:00,PKR-09,L47588,L,298.2,308.9,1350,40.9,51,10.66,5785.1,0.0124,tol,0,0,0,0,0,0,0,0
590,2025-09-28 12:00:00,CRS-08,L47589,L,298.6,308.1,2112,33.0,62,9.44,7307.4,0.0045,rnf,0,0,0,0,0,0,0,0
591,2025-09-28 18:00:00,KLN-02,H47590,H,299.0,308.9,1937,43.0,46,9.93,8715.8,0.0783,pwf,0,0,0,0,0,0,0,0
592,2025-09-29 00:00:00,CRS-08,L47591,L,299.2,309.2,1254,47.4,54,9.97,6224.5,0.0747,tol,0,0,0,0,0,0,0,0
593,2025-09-29 06:00:00,CRS-08,L47592,L,298.9,308.2,1351,42.4,33,9.23,5998.0,0.166,hdf,0,0,0,0,0,0,0,0
594,2025-09-29 12:00:00,PKR-09,L47593,L,299.6,308.8,2886,22.1,160,9.23,6692.4,0.8999,osp,1,0,0,0,0,1,0,0
595,2025-09-29 18:00:00,CRS-08,L47594,L,298.5,306.9,1424,34.9,116,8.36,5206.0,0.2995,hdf,0,0,0,0,0,0,0,0
596,2025-09-30 00:00:00,PKR-09,L47595,L,298.6,308.2,1893,35.0,84,9.58,6936.2,0.0048,rnf,0,0,0,0,0,0,0,0
597,2025-09-30 06:00:00,BLR-03,M47596,M,298.3,307.2,1733,27.3,123,8.91,4947.0,0.0046,rnf,0,0,0,0,0,0,0,0
598,2025-09-30 12:00:00,CML-05,M47597,M,297.9,307.9,1208,43.4,62,9.96,5494.7,0.0448,hdf,0,0,0,0,0,0,0,0
599,2025-09-30 18:00:00,KLN-02,H47598,H,298.3,308.5,1168,66.9,56,10.12,8182.7,0.8783,tol,1,0,0,0,0,0,1,0
600,2025-10-01 00:00:00,CLC-06,M47599,M,299.2,307.2,1168,57.6,147,8.03,7050.5,0.9181,hdf,1,0,1,0,0,0,1,0
601,2025-10-01 06:00:00,PKR-09,L47600,L,299.0,308.9,1508,30.6,118,9.96,4826.4,0.0076,rnf,0,0,0,0,0,0,0,0
602,2025-10-01 12:00:00,BLR-03,M47601,M,299.6,310.4,2886,14.9,253,10.87,4514.0,0.9897,osp,1,1,0,0,0,1,0,0
603,2025-10-01 18:00:00,KLN-02,H47602,H,299.6,310.1,1168,57.1,41,10.45,6984.1,0.5223,tol,1,0,0,0,0,0,1,0
604,2025-10-02 00:00:00,CML-05,M47603,M,299.1,311.3,1794,38.2,40,12.23,7173.9,0.0062,rnf,1,0,0,0,0,0,0,0
605,2025-10-02 06:00:00,RMM-04,H47604,H,298.9,310.2,1661,40.3,92,11.25,7017.2,0.0085,tol,0,0,0,0,0,0,0,0
606,2025-10-02 12:00:00,CML-05,M47605,M,298.8,307.5,1473,38.1,46,8.74,5873.2,0.102,hdf,0,0,0,0,0,0,0,0
607,2025-10-02 18:00:00,CML-05,M47606,M,298.4,311.2,1168,52.5,61,12.8,6416.9,0.2043,tol,0,0,0,0,0,0,0,0
608,2025-10-03 00:00:00,PKR-09,L47607,L,298.8,309.5,1168,52.9,84,10.76,6469.1,0.2295,tol,0,0,0,0,0,0,0,0
609,2025-10-03 06:00:00,CML-05,M47608,M,299.0,309.2,1179,52.2,57,10.16,6447.8,0.2061,tol,0,0,0,0,0,0,0,0
610,2025-10-03 12:00:00,PKR-09,L47609,L,298.0,309.0,1168,61.1,253,10.97,7479.0,0.9975,osf,1,1,0,0,1,0,1,0
611,2025-10-03 18:00:00,CRS-08,L47610,L,297.0,306.4,2002,30.4,21,9.44,6372.5,0.0042,rnf,0,0,0,0,0,0,0,0
612,2025-10-04 00:00:00,CML-05,M47611,M,297.5,307.6,1168,61.2,79,10.11,7482.8,0.7616,tol,1,0,0,0,0,0,1,0
613,2025-10-04 06:00:00,KLN-01,H47612,H,297.1,306.4,1501,45.9,54,9.35,7209.6,0.0488,tol,0,0,0,0,0,0,0,0
614,2025-10-04 12:00:00,KLN-01,H47613,H,297.4,307.8,1416,35.0,36,10.4,5186.0,0.0086,rnf,0,0,0,0,0,0,0,0
615,2025-10-04 18:00:00,CRS-08,L47614,L,298.1,307.5,1927,52.5,128,9.35,10600.0,0.921,pwf,1,0,0,1,0,0,0,0
616,2025-10-05 00:00:00,CML-05,M47615,M,297.4,306.7,1941,34.1,14,9.31,6933.9,0.0046,rnf,0,0,0,0,0,0,0,0
617,2025-10-05 06:00:00,BLR-03,M47616,M,296.6,307.0,1168,61.5,72,10.41,7518.0,0.7701,tol,1,0,0,0,0,0,1,0
618,2025-10-05 12:00:00,PKR-09,L47617,L,297.9,307.8,1168,70.0,144,9.86,8564.3,0.9689,tol,1,0,0,0,1,0,1,0
619,2025-10-05 18:00:00,PKR-09,L47618,L,298.3,306.4,1544,48.2,124,8.07,7787.8,0.099,tol,0,0,0,0,0,0,0,0
620,2025-10-06 00:00:00,PKR-09,L47619,L,298.1,306.6,1180,50.7,79,8.54,6264.1,0.6581,hdf,0,0,1,0,0,0,0,0
621,2025-10-06 06:00:00,FAN-07,M47620,M,297.6,306.4,1168,70.9,72,8.85,8669.8,0.9407,tol,1,0,0,0,0,0,1,0
622,2025-10-06 12:00:00,PKR-09,L47621,L,297.4,306.5,1168,70.0,61,9.12,8558.5,0.9208,tol,1,0,0,0,0,0,1,0
623,2025-10-06 18:00:00,KLN-02,H47622,H,296.7,307.1,1303,45.8,82,10.41,6254.8,0.0384,tol,0,0,0,0,0,0,0,0
624,2025-10-07 00:00:00,PKR-09,L47623,L,297.5,307.7,1168,61.3,188,10.22,7501.6,0.9754,osf,1,0,0,0,1,0,1,0
625,2025-10-07 06:00:00,KLN-02,H47624,H,297.2,308.2,1168,40.2,94,11.07,4915.8,0.0097,tol,0,0,0,0,0,0,0,0
626,2025-10-07 12:00:00,PKR-09,L47625,L,298.1,308.8,2414,26.3,152,10.75,6658.8,0.0593,osp,0,0,0,0,0,0,0,0
627,2025-10-07 18:00:00,BLR-03,M47626,M,297.9,309.0,1416,38.7,19,11.07,5735.4,0.0071,rnf,0,0,0,0,0,0,0,0
628,2025-10-08 00:00:00,PKR-09,L47627,L,297.3,307.9,1231,40.0,139,10.61,5159.9,0.0128,hdf,0,0,0,0,0,0,0,0
629,2025-10-08 06:00:00,CRS-08,L47628,L,297.2,307.4,1168,33.7,84,10.21,4124.3,0.0677,pwf,0,0,0,0,0,0,0,0
630,2025-10-08 12:00:00,CLC-06,M47629,M,295.6,306.7,1168,54.7,116,11.1,6688.5,0.3421,tol,0,0,0,0,0,0,0,0
631,2025-10-08 18:00:00,KLN-02,H47630,H,295.8,306.7,1539,50.2,56,10.92,8094.1,0.1129,tol,0,0,0,0,0,0,0,0
632,2025-10-09 00:00:00,BLR-03,M47631,M,295.9,306.3,1168,42.6,9,10.38,5213.0,0.0221,tol,0,0,0,0,0,0,0,0
633,2025-10-09 06:00:00,CRS-08,L47632,L,296.7,308.0,1502,34.0,241,11.27,5354.5,0.8927,twf,1,1,0,0,0,0,0,0
634,2025-10-09 12:00:00,PKR-09,L47633,L,295.6,303.3,1600,38.4,67,7.65,6427.7,0.0189,hdf,0,0,0,0,0,0,0,0
635,2025-10-09 18:00:00,CRS-08,L47634,L,296.7,306.4,1361,40.0,57,9.71,5693.9,0.051,hdf,0,0,0,0,0,0,0,0
636,2025-10-10 00:00:00,CRS-08,L47635,L,297.4,303.2,1168,42.4,83,5.8,5184.9,0.8971,hdf,1,0,1,0,0,0,0,0
637,2025-10-10 06:00:00,FAN-07,M47636,M,298.4,309.6,1168,52.2,49,11.15,6385.7,0.1921,tol,0,0,0,0,0,0,0,0
638,2025-10-10 12:00:00,BLR-03,M47637,M,298.5,310.1,1433,43.0,99,11.57,6452.8,0.0149,tol,0,0,0,0,0,0,0,0
639,2025-10-10 18:00:00,CLC-06,M47638,M,299.3,307.8,2372,24.6,68,8.55,6102.1,0.0276,osp,0,0,0,0,0,0,0,0
640,2025-10-11 00:00:00,CML-05,M47639,M,298.3,309.7,1518,33.8,89,11.41,5376.9,0.0046,rnf,0,0,0,0,0,0,0,0
641,2025-10-11 06:00:00,CML-05,M47640,M,298.9,307.7,1168,41.8,31,8.83,5115.9,0.4357,hdf,1,0,0,0,0,0,0,0
642,2025-10-11 12:00:00,CML-05,M47641,M,298.4,305.3,1168,52.4,17,6.85,6404.9,0.9143,hdf,1,0,1,0,0,0,0,0
643,2025-10-11 18:00:00,CRS-08,L47642,L,297.4,307.2,1168,54.3,126,9.77,6638.7,0.3495,tol,0,0,0,0,0,0,0,0
644,2025-10-12 00:00:00,PKR-09,L47643,L,296.8,306.5,1168,59.5,85,9.68,7280.2,0.6978,tol,1,0,0,0,0,0,1,0
645,2025-10-12 06:00:00,FAN-07,M47644,M,297.0,301.2,1843,41.4,22,4.16,7997.9,0.0111,tol,0,0,0,0,0,0,0,0
646,2025-10-12 12:00:00,CML-05,M47645,M,296.6,307.3,1354,48.4,22,10.65,6863.0,0.0687,tol,1,0,0,0,0,0,0,0
647,2025-10-12 18:00:00,CRS-08,L47646,L,297.1,307.8,1904,29.5,76,10.68,5892.2,0.0041,rnf,0,0,0,0,0,0,0,0
648,2025-10-13 00:00:00,CRS-08,L47647,L,296.0,307.1,1474,44.7,99,11.05,6903.7,0.0234,tol,0,0,0,0,0,0,0,0
649,2025-10-13 06:00:00,CLC-06,M47648,M,294.8,304.4,2056,28.2,28,9.57,6065.2,0.0041,rnf,0,0,0,0,0,0,0,0
650,2025-10-13 12:00:00,PKR-09,L47649,L,296.1,306.0,1168,50.4,226,9.96,6167.2,0.9814,osf,1,1,0,0,1,0,0,0
651,2025-10-13 18:00:00,CRS-08,L47650,L,296.9,306.9,1168,73.3,108,9.97,8969.0,0.9291,tol,1,0,0,0,0,0,1,0
652,2025-10-14 00:00:00,CLC-06,M47651,M,296.4,308.1,1168,44.2,204,11.69,5408.1,0.3787,twf,0,0,0,0,0,0,0,0
653,2025-10-14 06:00:00,BLR-03,M47652,M,296.6,303.8,1889,30.5,61,7.17,6034.3,0.0042,rnf,0,0,0,0,0,0,0,0
654,2025-10-14 12:00:00,CRS-08,L47653,L,297.5,306.5,1600,44.5,68,9.04,7452.7,0.0259,tol,0,0,0,0,0,0,0,0
655,2025-10-14 18:00:00,FAN-07,M47654,M,297.9,307.9,1776,34.3,20,10.01,6381.7,0.0046,rnf,0,0,0,0,0,0,0,0
656,2025-10-15 00:00:00,CRS-08,L47655,L,298.2,307.1,1803,29.4,37,8.91,5557.2,0.0042,rnf,0,0,0,0,0,0,0,0
657,2025-10-15 06:00:00,CML-05,M47656,M,299.0,308.8,1168,66.5,56,9.74,8128.3,0.8789,tol,1,0,0,0,0,0,1,0
658,2025-10-15 12:00:00,CRS-08,L47657,L,298.6,308.5,1168,48.2,120,9.87,5897.4,0.0971,tol,0,0,0,0,0,0,0,0
659,2025-10-15 18:00:00,PKR-09,L47658,L,298.7,308.0,1860,43.8,76,9.34,8530.6,0.0376,pwf,0,0,0,0,0,0,0,0
660,2025-10-16 00:00:00,PKR-09,L47659,L,298.8,304.2,1414,41.1,208,5.43,6087.1,0.7236,twf,1,0,0,0,0,0,0,0
661,2025-10-16 06:00:00,PKR-09,L47660,L,298.6,309.3,1382,36.6,31,10.63,5295.8,0.008,rnf,0,0,0,0,0,0,0,0
662,2025-10-16 12:00:00,BLR-03,M47661,M,298.5,308.2,1306,41.3,150,9.76,5654.8,0.056,hdf,0,0,0,0,0,0,0,0
663,2025-10-16 18:00:00,CRS-08,L47662,L,298.6,308.1,1168,43.4,88,9.55,5305.0,0.1045,hdf,1,0,0,0,0,0,0,0
664,2025-10-17 00:00:00,PKR-09,L47663,L,298.7,308.5,2886,6.1,50,9.83,1840.3,0.99,pwf,1,0,0,1,0,1,0,0
665,2025-10-17 06:00:00,PKR-09,L47664,L,298.1,308.1,1168,66.6,102,9.99,8149.7,0.8774,tol,1,0,0,0,0,0,1,0
666,2025-10-17 12:00:00,CML-05,M47665,M,298.7,307.0,1622,38.5,175,8.26,6535.3,0.0275,twf,0,0,0,0,0,0,0,0
667,2025-10-17 18:00:00,BLR-03,M47666,M,298.2,308.6,1168,43.8,196,10.46,5354.5,0.198,twf,0,0,0,0,0,0,0,0
668,2025-10-18 00:00:00,RMM-04,H47667,H,298.1,307.7,1168,52.0,48,9.55,6354.6,0.2523,tol,1,0,0,0,0,0,0,0
669,2025-10-18 06:00:00,PKR-09,L47668,L,298.0,309.3,1534,45.1,48,11.26,7247.9,0.0258,tol,0,0,0,0,0,0,0,0
670,2025-10-18 12:00:00,CRS-08,L47669,L,298.4,309.0,1168,48.2,33,10.59,5897.4,0.0668,tol,1,0,0,0,0,0,0,0
671,2025-10-18 18:00:00,CRS-08,L47670,L,297.0,308.2,1799,35.3,21,11.17,6656.4,0.0049,rnf,0,0,0,0,0,0,0,0
672,2025-10-19 00:00:00,CRS-08,L47671,L,297.8,306.8,1276,44.4,144,8.99,5934.2,0.328,hdf,0,0,0,0,0,0,0,0
673,2025-10-19 06:00:00,KLN-02,H47672,H,297.5,307.1,1336,43.1,65,9.63,6026.2,0.075,hdf,0,0,0,0,0,0,0,0
674,2025-10-19 12:00:00,CML-05,M47673,M,298.5,307.2,1168,77.0,62,8.76,9418.1,0.9897,tol,1,0,0,1,0,0,1,0
675,2025-10-19 18:00:00,CRS-08,L47674,L,298.2,307.5,1792,32.9,99,9.29,6167.8,0.0044,rnf,0,0,0,0,0,0,0,0
676,2025-10-20 00:00:00,CRS-08,L47675,L,298.3,309.6,1642,32.0,75,11.25,5499.4,0.0043,rnf,0,0,0,0,0,0,0,0
677,2025-10-20 06:00:00,RMM-04,H47676,H,299.7,311.2,1335,53.4,38,11.49,7470.0,0.2591,tol,0,0,0,0,0,0,0,0
678,2025-10-20 12:00:00,PKR-09,L47677,L,299.5,308.4,2263,35.0,11,8.85,8287.9,0.0112,rnf,0,0,0,0,0,0,0,0
679,2025-10-20 18:00:00,CRS-08,L47678,L,300.4,310.0,1598,31.3,124,9.54,5242.4,0.0057,rnf,0,0,0,0,0,0,0,0
680,2025-10-21 00:00:00,PKR-09,L47679,L,300.4,308.7,1168,35.9,188,8.33,4390.5,0.7389,hdf,0,0,1,0,0,0,0,0
681,2025-10-21 06:00:00,PKR-09,L47680,L,300.7,311.3,1331,39.3,36,10.59,5474.6,0.0112,hdf,0,0,0,0,0,0,0,0
682,2025-10-21 12:00:00,CRS-08,L47681,L,300.7,308.9,2530,22.7,75,8.24,6011.1,0.3819,osp,0,0,0,0,0,0,0,0
683,2025-10-21 18:00:00,CRS-08,L47682,L,301.2,309.6,1841,34.1,95,8.4,6569.1,0.0046,rnf,0,0,0,0,0,0,0,0
684,2025-10-22 00:00:00,PKR-09,L47683,L,300.7,311.2,2886,14.7,39,10.49,4442.0,0.9003,osp,1,0,0,0,0,1,0,0
685,2025-10-22 06:00:00,CML-05,M47684,M,300.0,308.0,1168,42.5,27,8.05,5192.9,0.8093,hdf,1,0,1,0,0,0,0,0
686,2025-10-22 12:00:00,CRS-08,L47685,L,299.5,309.1,1923,42.1,151,9.55,8486.0,0.0287,pwf,0,0,0,0,0,0,0,0
687,2025-10-22 18:00:00,PKR-09,L47686,L,299.6,309.8,1168,60.2,187,10.16,7367.3,0.9678,osf,1,0,0,0,1,0,1,0
688,2025-10-23 00:00:00,RMM-04,H47687,H,299.5,309.9,1168,56.6,4,10.42,6927.5,0.4888,tol,0,0,0,0,0,0,0,0
689,2025-10-23 06:00:00,CML-05,M47688,M,300.0,309.9,1168,72.4,102,9.86,8854.5,0.915,tol,1,0,0,0,0,0,1,0
690,2025-10-23 12:00:00,CRS-08,L47689,L,300.9,310.5,1613,38.4,81,9.63,6480.8,0.0071,rnf,0,0,0,0,0,0,0,0
691,2025-10-23 18:00:00,CRS-08,L47690,L,300.2,307.6,1529,40.4,122,7.43,6466.0,0.0662,hdf,0,0,0,0,0,0,0,0
692,2025-10-24 00:00:00,BLR-03,M47691,M,299.7,310.0,1497,40.2,6,10.29,6299.8,0.0097,tol,0,0,0,0,0,0,0,0
693,2025-10-24 06:00:00,CRS-08,L47692,L,298.7,308.1,1168,46.4,56,9.35,5680.4,0.1791,hdf,0,0,0,0,0,0,0,0
694,2025-10-24 12:00:00,CRS-08,L47693,L,300.2,310.2,1168,51.4,117,10.04,6281.9,0.1728,tol,0,0,0,0,0,0,0,0
695,2025-10-24 18:00:00,KLN-02,H47694,H,300.4,310.8,1577,46.9,62,10.38,7738.0,0.0424,tol,0,0,0,0,0,0,0,0
696,2025-10-25 00:00:00,CRS-08,L47695,L,300.7,312.4,1603,38.7,109,11.72,6490.2,0.0066,rnf,0,0,0,0,0,0,0,0
697,2025-10-25 06:00:00,BLR-03,M47696,M,299.7,310.5,1295,35.2,85,10.79,4778.7,0.0079,rnf,0,0,0,0,0,0,0,0
698,2025-10-25 12:00:00,PKR-09,L47697,L,299.7,308.9,1168,53.9,39,9.17,6588.9,0.4485,tol,1,0,0,0,0,0,0,0
699,2025-10-25 18:00:00,FAN-07,M47698,M,300.1,305.2,1168,51.0,111,5.1,6234.8,0.9102,hdf,1,0,1,0,0,0,0,0
700,2025-10-26 00:00:00,CRS-08,L47699,L,299.9,309.4,1620,39.6,108,9.48,6725.3,0.0086,rnf,0,0,0,0,0,0,0,0
701,2025-10-26 06:00:00,PKR-09,L47700,L,300.7,310.4,2886,20.5,139,9.76,6195.8,0.8997,osp,1,0,0,0,0,1,0,0
702,2025-10-26 12:00:00,CRS-08,L47701,L,302.2,312.0,1655,30.6,25,9.86,5296.2,0.0044,rnf,0,0,0,0,0,0,0,0
703,2025-10-26 18:00:00,PKR-09,L47702,L,301.4,310.4,1782,32.5,132,8.99,6067.6,0.0045,rnf,0,0,0,0,0,0,0,0
704,2025-10-27 00:00:00,FAN-07,M47703,M,300.6,311.9,1425,41.8,107,11.27,6243.1,0.0117,tol,0,0,0,0,0,0,0,0
705,2025-10-27 06:00:00,CRS-08,L47704,L,300.0,307.2,1168,45.7,44,7.24,5591.9,0.8902,hdf,1,0,1,0,0,0,0,0
706,2025-10-27 12:00:00,CRS-08,L47705,L,301.1,310.8,2301,24.4,30,9.69,5889.8,0.0096,osp,0,0,0,0,0,0,0,0
707,2025-10-27 18:00:00,CML-05,M47706,M,301.7,312.4,1468,34.5,62,10.64,5296.3,0.0055,rnf,0,0,0,0,0,0,0,0
708,2025-10-28 00:00:00,BLR-03,M47707,M,301.5,311.8,1452,42.7,42,10.22,6491.3,0.0175,tol,0,0,0,0,0,0,0,0
709,2025-10-28 06:00:00,CRS-08,L47708,L,301.5,312.2,1568,37.7,202,10.72,6199.6,0.3055,twf,0,0,0,0,0,0,0,0
710,2025-10-28 12:00:00,PKR-09,L47709,L,300.8,309.5,1214,34.6,92,8.66,4399.2,0.5433,hdf,1,0,1,0,0,0,0,0
711,2025-10-28 18:00:00,RMM-04,H47710,H,301.4,311.2,1665,36.6,22,9.85,6383.8,0.0054,rnf,0,0,0,0,0,0,0,0
712,2025-10-29 00:00:00,BLR-03,M47711,M,301.0,311.0,1716,32.0,54,9.94,5758.8,0.0043,rnf,0,0,0,0,0,0,0,0
713,2025-10-29 06:00:00,CML-05,M47712,M,300.8,311.4,1542,40.6,146,10.62,6552.6,0.0096,tol,0,0,0,0,0,0,0,0
714,2025-10-29 12:00:00,RMM-04,H47713,H,301.2,310.5,1199,44.3,16,9.37,5562.2,0.1578,hdf,0,0,0,0,0,0,0,0
715,2025-10-29 18:00:00,FAN-07,M47714,M,301.0,308.5,1616,30.7,77,7.5,5191.1,0.0131,hdf,0,0,0,0,0,0,0,0
716,2025-10-30 00:00:00,PKR-09,L47715,L,300.7,309.7,1181,54.7,80,8.92,6760.5,0.585,hdf,1,0,0,0,0,0,0,0
717,2025-10-30 06:00:00,PKR-09,L47716,L,300.7,310.7,1353,56.3,187,9.94,7975.5,0.9035,osf,1,0,0,0,1,0,0,0
718,2025-10-30 12:00:00,CRS-08,L47717,L,301.2,311.3,1628,31.6,45,10.06,5389.2,0.0044,rnf,0,0,0,0,0,0,0,0
719,2025-10-30 18:00:00,FAN-07,M47718,M,302.2,313.9,2319,21.8,26,11.68,5284.8,0.012,osp,0,0,0,0,0,0,0,0
720,2025-10-31 00:00:00,KLN-02,H47719,H,302.5,313.1,2391,23.1,118,10.58,5783.5,0.0389,osp,0,0,0,0,0,0,0,0
721,2025-10-31 06:00:00,PKR-09,L47720,L,302.9,313.0,1439,35.4,61,10.08,5334.8,0.0118,hdf,0,0,0,0,0,0,0,0
722,2025-10-31 12:00:00,CRS-08,L47721,L,302.6,312.6,2886,25.5,63,9.97,7705.9,0.8997,osp,1,0,0,0,0,1,0,0
723,2025-10-31 18:00:00,CRS-08,L47722,L,302.0,313.1,1687,36.2,46,11.1,6390.8,0.0051,rnf,0,0,0,0,0,0,0,0
724,2025-11-01 00:00:00,KLN-02,H47723,H,302.3,311.7,1168,52.7,87,9.41,6443.7,0.3161,tol,1,0,0,0,0,0,0,0
725,2025-11-01 06:00:00,PKR-09,L47724,L,302.3,312.1,1873,24.8,10,9.86,4871.8,0.0044,rnf,0,0,0,0,0,0,0,0
726,2025-11-01 12:00:00,PKR-09,L47725,L,301.2,310.1,1713,34.0,124,8.91,6096.4,0.005,rnf,0,0,0,0,0,0,0,0
727,2025-11-01 18:00:00,PKR-09,L47726,L,300.9,312.3,1168,63.5,18,11.42,7761.4,0.8272,tol,1,0,0,0,0,0,1,0
728,2025-11-02 00:00:00,PKR-09,L47727,L,300.8,311.2,1281,39.1,236,10.39,5242.1,0.9159,twf,1,1,0,0,0,0,0,0
729,2025-11-02 06:00:00,CRS-08,L47728,L,300.4,309.7,1721,32.5,84,9.29,5865.4,0.0045,rnf,0,0,0,0,0,0,0,0
730,2025-11-02 12:00:00,CRS-08,L47729,L,301.4,311.2,1616,38.3,67,9.89,6477.0,0.0066,rnf,0,0,0,0,0,0,0,0
731,2025-11-02 18:00:00,CRS-08,L47730,L,301.6,312.1,1168,44.7,40,10.51,5470.2,0.0288,tol,0,0,0,0,0,0,0,0
732,2025-11-03 00:00:00,PKR-09,L47731,L,302.4,312.2,1168,58.7,46,9.75,7174.1,0.6453,tol,1,0,0,0,0,0,1,0
733,2025-11-03 06:00:00,CRS-08,L47732,L,302.5,311.9,2212,25.9,115,9.47,5997.5,0.0049,rnf,0,0,0,0,0,0,0,0
734,2025-11-03 12:00:00,CRS-08,L47733,L,302.4,311.7,1687,31.7,80,9.35,5593.1,0.0046,rnf,0,0,0,0,0,0,0,0
735,2025-11-03 18:00:00,PKR-09,L47734,L,301.6,311.9,2385,24.8,162,10.34,6201.0,0.0374,osp,0,0,0,0,0,0,0,0
736,2025-11-04 00:00:00,FAN-07,M47735,M,301.5,311.1,1168,41.1,38,9.64,5031.2,0.0788,hdf,0,0,0,0,0,0,0,0
737,2025-11-04 06:00:00,CRS-08,L47736,L,301.4,311.0,1610,15.4,99,9.55,2600.0,0.8999,pwf,1,0,0,1,0,0,0,0
738,2025-11-04 12:00:00,CRS-08,L47737,L,300.4,309.1,1319,34.9,140,8.66,4819.8,0.4789,hdf,1,0,0,0,0,0,0,0
739,2025-11-04 18:00:00,CRS-08,L47738,L,300.0,310.1,2021,30.0,99,10.08,6349.2,0.0042,rnf,0,0,0,0,0,0,0,0
740,2025-11-05 00:00:00,PKR-09,L47739,L,299.8,309.6,1168,51.8,25,9.82,6337.7,0.208,tol,0,0,0,0,0,0,0,0
741,2025-11-05 06:00:00,PKR-09,L47740,L,300.1,309.8,2048,30.7,54,9.68,6573.4,0.0042,rnf,0,0,0,0,0,0,0,0
742,2025-11-05 12:00:00,CRS-08,L47741,L,300.4,310.6,1168,51.9,188,10.2,6347.7,0.673,osf,1,0,0,0,1,0,0,0
743,2025-11-05 18:00:00,FAN-07,M47742,M,300.0,310.7,2440,22.4,62,10.75,5711.0,0.0937,osp,0,0,0,0,0,0,0,0
744,2025-11-06 00:00:00,CRS-08,L47743,L,300.3,311.0,2142,38.5,199,10.7,8624.7,0.2679,twf,0,0,0,0,0,0,0,0
745,2025-11-06 06:00:00,PKR-09,L47744,L,300.2,310.7,2049,26.8,90,10.55,5741.9,0.0041,rnf,0,0,0,0,0,0,0,0
746,2025-11-06 12:00:00,CRS-08,L47745,L,298.2,308.0,1619,22.6,89,9.76,3828.5,0.2716,pwf,0,0,0,0,0,0,0,0
747,2025-11-06 18:00:00,CRS-08,L47746,L,298.0,307.4,1388,52.0,40,9.43,7554.4,0.2424,tol,1,0,0,0,0,0,0,0
748,2025-11-07 00:00:00,PKR-09,L47747,L,298.8,307.8,1168,50.3,66,8.96,6146.7,0.4204,hdf,1,0,0,0,0,0,0,0
749,2025-11-07 06:00:00,FAN-07,M47748,M,297.8,307.2,1422,38.6,9,9.41,5744.6,0.0625,hdf,0,0,0,0,0,0,0,0
750,2025-11-07 12:00:00,FAN-07,M47749,M,298.0,308.0,1168,75.2,13,10.02,9196.5,0.9595,tol,1,0,0,1,0,0,1,0
751,2025-11-07 18:00:00,CRS-08,L47750,L,299.2,308.4,2099,29.9,23,9.21,6579.8,0.0042,rnf,0,0,0,0,0,0,0,0
752,2025-11-08 00:00:00,PKR-09,L47751,L,298.7,308.8,1168,52.8,37,10.1,6460.2,0.2383,tol,0,0,0,0,0,0,0,0
753,2025-11-08 06:00:00,CRS-08,L47752,L,298.8,307.8,2409,23.1,60,9.03,5837.2,0.0536,osp,0,0,0,0,0,0,0,0
754,2025-11-08 12:00:00,CRS-08,L47753,L,298.0,306.3,1429,37.3,94,8.34,5585.2,0.2865,hdf,0,0,0,0,0,0,0,0
755,2025-11-08 18:00:00,BLR-03,M47754,M,299.2,310.0,2701,25.2,123,10.82,7121.3,0.8671,osp,1,0,0,0,0,1,0,0
756,2025-11-09 00:00:00,PKR-09,L47755,L,299.2,308.7,1248,42.8,127,9.53,5596.9,0.1059,hdf,0,0,0,0,0,0,0,0
757,2025-11-09 06:00:00,PKR-09,L47756,L,299.3,308.4,1764,40.6,114,9.16,7503.2,0.0091,tol,0,0,0,0,0,0,0,0
758,2025-11-09 12:00:00,KLN-01,H47757,H,300.2,309.1,1234,36.6,31,8.91,4732.7,0.3767,hdf,1,0,0,0,0,0,0,0
759,2025-11-09 18:00:00,PKR-09,L47758,L,300.7,311.1,1768,41.5,62,10.42,7686.0,0.0107,tol,0,0,0,0,0,0,0,0
760,2025-11-10 00:00:00,PKR-09,L47759,L,300.0,311.4,1861,33.8,81,11.37,6580.0,0.0045,rnf,0,0,0,0,0,0,0,0
761,2025-11-10 06:00:00,CLC-06,M47760,M,299.6,309.2,1168,43.6,72,9.6,5332.3,0.0943,hdf,0,0,0,0,0,0,0,0
762,2025-11-10 12:00:00,CRS-08,L47761,L,300.0,309.7,1290,49.0,25,9.78,6624.9,0.1197,tol,0,0,0,0,0,0,0,0
763,2025-11-10 18:00:00,CRS-08,L47762,L,299.5,310.6,2103,23.7,52,11.07,5215.2,0.0041,rnf,0,0,0,0,0,0,0,0
764,2025-11-11 00:00:00,PKR-09,L47763,L,298.1,306.3,2886,24.3,72,8.19,7331.2,0.8997,osp,1,0,0,0,0,1,0,0
765,2025-11-11 06:00:00,KLN-02,H47764,H,298.2,305.3,1274,40.6,10,7.08,5414.3,0.8544,hdf,1,0,1,0,0,0,0,0
766,2025-11-11 12:00:00,PKR-09,L47765,L,297.3,309.8,2829,25.1,205,12.44,7450.5,0.9354,osp,1,0,0,0,0,1,0,0
767,2025-11-11 18:00:00,PKR-09,L47766,L,298.6,305.9,1227,55.6,113,7.29,7150.8,0.9259,hdf,1,0,1,0,0,0,0,0
768,2025-11-12 00:00:00,CRS-08,L47767,L,298.8,308.7,1684,37.6,178,9.9,6636.5,0.029,twf,0,0,0,0,0,0,0,0
769,2025-11-12 06:00:00,CRS-08,L47768,L,298.2,307.5,1213,36.5,55,9.28,4637.6,0.1795,hdf,0,0,0,0,0,0,0,0
770,2025-11-12 12:00:00,CLC-06,M47769,M,297.9,307.6,1479,30.4,10,9.74,4707.2,0.0149,hdf,0,0,0,0,0,0,0,0
771,2025-11-12 18:00:00,PKR-09,L47770,L,296.7,306.3,1387,43.6,199,9.58,6335.3,0.3742,twf,1,0,0,0,0,0,0,0
772,2025-11-13 00:00:00,CRS-08,L47771,L,296.2,307.0,1670,36.7,210,10.81,6423.3,0.5191,twf,0,1,0,0,0,0,0,0
773,2025-11-13 06:00:00,CRS-08,L47772,L,297.1,307.0,1339,37.0,253,9.89,5185.9,0.9386,twf,1,1,0,0,0,0,0,0
774,2025-11-13 12:00:00,BLR-03,M47773,M,298.8,307.9,1946,39.0,214,9.09,7941.0,0.6179,twf,0,1,0,0,0,0,0,0
775,2025-11-13 18:00:00,PKR-09,L47774,L,299.3,309.2,1450,46.1,74,9.83,6995.2,0.0453,tol,0,0,0,0,0,0,0,0
776,2025-11-14 00:00:00,BLR-03,M47775,M,299.3,309.8,2275,31.2,105,10.51,7437.8,0.0075,rnf,0,0,0,0,0,0,0,0
777,2025-11-14 06:00:00,FAN-07,M47776,M,299.1,307.9,1554,31.5,89,8.82,5127.7,0.0214,hdf,0,0,0,0,0,0,0,0
778,2025-11-14 12:00:00,CRS-08,L47777,L,298.5,306.8,2178,34.1,64,8.35,7776.3,0.0051,rnf,0,0,0,0,0,0,0,0
779,2025-11-14 18:00:00,CML-05,M47778,M,300.0,312.0,2886,6.7,30,11.99,2030.0,0.99,pwf,1,0,0,1,0,1,0,0
780,2025-11-15 00:00:00,BLR-03,M47779,M,299.8,309.2,2156,33.4,48,9.36,7533.5,0.0047,rnf,0,0,0,0,0,0,0,0
781,2025-11-15 06:00:00,CRS-08,L47780,L,301.3,311.1,2516,27.3,131,9.86,7203.2,0.3223,osp,0,0,0,0,0,0,0,0
782,2025-11-15 12:00:00,RMM-04,H47781,H,302.1,311.7,2488,36.6,126,9.6,9534.5,0.8846,pwf,1,0,0,1,0,0,0,0
783,2025-11-15 18:00:00,PKR-09,L47782,L,300.8,311.4,1856,35.1,58,10.55,6830.3,0.0048,rnf,0,0,0,0,0,0,0,0
784,2025-11-16 00:00:00,CLC-06,M47783,M,300.3,312.1,1978,33.8,16,11.77,7006.7,0.0045,rnf,0,0,0,0,0,0,0,0
785,2025-11-16 06:00:00,KLN-02,H47784,H,299.9,310.4,1789,29.6,129,10.58,5549.9,0.0042,rnf,0,0,0,0,0,0,0,0
786,2025-11-16 12:00:00,CRS-08,L47785,L,299.8,308.3,2179,29.2,65,8.48,6652.4,0.0045,rnf,0,0,0,0,0,0,0,0
787,2025-11-16 18:00:00,CML-05,M47786,M,299.8,308.4,1806,35.6,34,8.62,6728.5,0.005,rnf,0,0,0,0,0,0,0,0
788,2025-11-17 00:00:00,PKR-09,L47787,L,301.8,311.4,1534,41.1,74,9.6,6598.9,0.0143,tol,0,0,0,0,0,0,0,0
789,2025-11-17 06:00:00,CLC-06,M47788,M,301.0,310.7,1168,48.7,41,9.73,5952.2,0.1217,tol,0,0,0,0,0,0,0,0
790,2025-11-17 12:00:00,FAN-07,M47789,M,301.1,309.4,1168,44.4,109,8.28,5436.3,0.7427,hdf,1,0,1,0,0,0,0,0
791,2025-11-17 18:00:00,PKR-09,L47790,L,301.4,312.3,1869,28.9,123,10.82,5655.1,0.0041,rnf,0,0,0,0,0,0,0,0
792,2025-11-18 00:00:00,CRS-08,L47791,L,301.3,310.3,1800,27.3,105,8.91,5146.7,0.0042,rnf,0,0,0,0,0,0,0,0
793,2025-11-18 06:00:00,CRS-08,L47792,L,301.3,308.7,1168,40.7,22,7.39,4974.1,0.8829,hdf,1,0,1,0,0,0,0,0
794,2025-11-18 12:00:00,CRS-08,L47793,L,300.6,312.4,1503,43.4,80,11.82,6828.0,0.0163,tol,0,0,0,0,0,0,0,0
795,2025-11-18 18:00:00,CRS-08,L47794,L,300.6,310.3,1210,51.2,50,9.75,6482.7,0.1889,tol,1,0,0,0,0,0,0,0
796,2025-11-19 00:00:00,PKR-09,L47795,L,300.9,311.3,1168,50.5,160,10.44,6177.0,0.1677,tol,1,0,0,0,0,0,0,0
797,2025-11-19 06:00:00,CRS-08,L47796,L,301.1,309.8,1168,48.4,36,8.77,5920.5,0.504,hdf,0,0,0,0,0,0,0,0
798,2025-11-19 12:00:00,CRS-08,L47797,L,301.4,312.0,1168,41.9,82,10.62,5122.4,0.0157,tol,0,0,0,0,0,0,0,0
799,2025-11-19 18:00:00,CLC-06,M47798,M,302.3,311.8,1782,27.0,129,9.5,5045.4,0.0042,rnf,0,0,0,0,0,0,0,0
800,2025-11-20 00:00:00,CML-05,M47799,M,302.8,311.7,1168,47.0,20,8.91,5749.7,0.4019,hdf,0,0,0,0,0,0,0,0
801,2025-11-20 06:00:00,BLR-03,M47800,M,302.6,308.8,1168,64.0,29,6.17,7832.3,0.9832,hdf,1,0,1,0,0,0,1,0
802,2025-11-20 12:00:00,PKR-09,L47801,L,301.7,311.2,1728,36.7,182,9.53,6638.0,0.0412,twf,0,0,0,0,0,0,0,0
803,2025-11-20 18:00:00,FAN-07,M47802,M,301.2,310.9,1388,28.5,43,9.67,4140.7,0.0869,pwf,0,0,0,0,0,0,0,0
804,2025-11-21 00:00:00,PKR-09,L47803,L,301.0,311.9,2363,23.1,70,10.95,5723.1,0.0239,osp,0,0,0,0,0,0,0,0
805,2025-11-21 06:00:00,CRS-08,L47804,L,301.1,304.2,1168,59.3,71,3.11,7254.7,0.9652,hdf,1,0,1,0,0,0,1,0
806,2025-11-21 12:00:00,PKR-09,L47805,L,300.7,312.4,1168,59.5,148,11.74,7272.3,0.7296,tol,1,0,0,0,0,0,1,0
807,2025-11-21 18:00:00,CML-05,M47806,M,300.0,308.7,2021,29.8,93,8.67,6313.3,0.0042,rnf,0,0,0,0,0,0,0,0
808,2025-11-22 00:00:00,PKR-09,L47807,L,299.2,310.8,2372,32.0,24,11.62,7949.9,0.0286,osp,0,0,0,0,0,0,0,0
809,2025-11-22 06:00:00,PKR-09,L47808,L,298.1,307.1,1168,36.4,161,8.98,4456.6,0.3392,hdf,1,0,0,0,0,0,0,0
810,2025-11-22 12:00:00,KLN-01,H47809,H,298.1,308.1,1263,53.5,143,10.0,7071.9,0.2798,tol,0,0,0,0,0,0,0,0
811,2025-11-22 18:00:00,CRS-08,L47810,L,297.2,306.7,1168,25.8,24,9.51,3160.5,0.8887,pwf,1,0,0,1,0,0,0,0
812,2025-11-23 00:00:00,PKR-09,L47811,L,296.7,306.4,2490,27.3,94,9.66,7124.6,0.2208,osp,0,0,0,0,0,0,0,0
813,2025-11-23 06:00:00,KLN-01,H47812,H,296.6,307.4,1168,63.8,41,10.8,7808.8,0.8358,tol,1,0,0,0,0,0,1,0
814,2025-11-23 12:00:00,PKR-09,L47813,L,295.9,301.5,1168,67.7,103,5.56,8284.4,0.9878,hdf,1,0,1,0,0,0,1,0
815,2025-11-23 18:00:00,PKR-09,L47814,L,296.4,307.6,1174,45.0,98,11.19,5532.0,0.0257,tol,0,0,0,0,0,0,0,0
816,2025-11-24 00:00:00,BLR-03,M47815,M,297.1,306.7,1751,37.3,178,9.6,6833.8,0.0265,twf,0,0,0,0,0,0,0,0
817,2025-11-24 06:00:00,FAN-07,M47816,M,296.9,307.1,1460,44.9,148,10.18,6862.5,0.0287,tol,0,0,0,0,0,0,0,0
818,2025-11-24 12:00:00,CRS-08,L47817,L,296.8,306.1,2240,23.3,101,9.22,5475.2,0.0056,rnf,0,0,0,0,0,0,0,0
819,2025-11-24 18:00:00,CML-05,M47818,M,297.4,306.4,1729,30.7,7,9.01,5568.5,0.0044,rnf,0,0,0,0,0,0,0,0
820,2025-11-25 00:00:00,CRS-08,L47819,L,297.1,305.9,1168,41.2,74,8.85,5034.0,0.4185,hdf,0,0,0,0,0,0,0,0
821,2025-11-25 06:00:00,CRS-08,L47820,L,296.7,306.3,2886,3.0,137,9.56,906.7,0.99,pwf,1,0,0,1,0,1,0,0
822,2025-11-25 12:00:00,PKR-09,L47821,L,297.7,308.0,2601,14.3,249,10.25,3889.6,0.9737,twf,1,1,0,0,0,1,0,0
823,2025-11-25 18:00:00,CRS-08,L47822,L,298.5,306.5,1329,36.0,66,8.09,5010.1,0.6888,hdf,1,0,1,0,0,0,0,0
824,2025-11-26 00:00:00,CLC-06,M47823,M,299.0,307.6,2886,16.4,59,8.66,4948.0,0.8997,osp,1,0,0,0,0,1,0,0
825,2025-11-26 06:00:00,BLR-03,M47824,M,299.6,311.2,1168,59.3,109,11.52,7251.6,0.6646,tol,1,0,0,0,0,0,1,0
826,2025-11-26 12:00:00,PKR-09,L47825,L,298.3,309.4,1843,29.0,12,11.12,5606.0,0.0041,rnf,0,0,0,0,0,0,0,0
827,2025-11-26 18:00:00,PKR-09,L47826,L,299.3,308.8,1168,42.5,122,9.41,5203.6,0.138,hdf,0,0,0,0,0,0,0,0
828,2025-11-27 00:00:00,CRS-08,L47827,L,299.6,308.2,1168,36.8,248,8.6,4506.8,0.9682,twf,1,1,1,0,0,0,0,0
829,2025-11-27 06:00:00,CML-05,M47828,M,300.4,310.8,1407,36.7,51,10.46,5408.3,0.0088,rnf,0,0,0,0,0,0,0,0
830,2025-11-27 12:00:00,PKR-09,L47829,L,300.6,308.3,2886,24.9,54,7.68,7516.8,0.8997,osp,1,0,0,0,0,1,0,0
831,2025-11-27 18:00:00,CLC-06,M47830,M,300.6,311.7,1351,40.7,91,11.11,5757.6,0.0098,tol,0,0,0,0,0,0,0,0
832,2025-11-28 00:00:00,CRS-08,L47831,L,300.4,310.2,1447,36.8,81,9.79,5568.7,0.0197,hdf,1,0,0,0,0,0,0,0
833,2025-11-28 06:00:00,PKR-09,L47832,L,300.6,312.4,1584,34.9,102,11.83,5793.0,0.0048,rnf,0,0,0,0,0,0,0,0
834,2025-11-28 12:00:00,FAN-07,M47833,M,300.3,308.6,2886,4.5,229,8.27,1359.6,0.9984,pwf,1,1,0,1,0,1,0,0
835,2025-11-28 18:00:00,CML-05,M47834,M,300.9,311.8,1168,47.5,37,10.92,5811.1,0.0526,tol,1,0,0,0,0,0,0,0
836,2025-11-29 00:00:00,PKR-09,L47835,L,299.8,309.7,2357,26.4,87,9.9,6525.5,0.0216,osp,0,0,0,0,0,0,0,0
837,2025-11-29 06:00:00,BLR-03,M47836,M,299.4,309.1,1482,40.7,138,9.67,6317.1,0.02,hdf,0,0,0,0,0,0,0,0
838,2025-11-29 12:00:00,RMM-04,H47837,H,300.9,308.0,1176,31.1,117,7.1,3831.0,0.9188,hdf,1,0,1,0,0,0,0,0
839,2025-11-29 18:00:00,PKR-09,L47838,L,300.4,311.0,2189,35.7,93,10.6,8187.8,0.0076,rnf,0,0,0,0,0,0,0,0
840,2025-11-30 00:00:00,CRS-08,L47839,L,300.2,310.9,1168,61.8,106,10.68,7561.5,0.7823,tol,1,0,0,0,0,0,1,0
841,2025-11-30 06:00:00,CRS-08,L47840,L,299.6,311.4,1168,43.1,113,11.79,5275.6,0.0156,tol,0,0,0,0,0,0,0,0
842,2025-11-30 12:00:00,BLR-03,M47841,M,299.8,310.8,1449,48.2,121,11.01,7312.2,0.0622,tol,0,0,0,0,0,0,0,0
843,2025-11-30 18:00:00,PKR-09,L47842,L,299.3,308.8,1375,43.6,115,9.41,6283.3,0.1047,hdf,1,0,0,0,0,0,0,0
844,2025-12-01 00:00:00,CRS-08,L47843,L,299.3,308.3,1321,36.4,89,9.0,5040.1,0.288,hdf,0,0,0,0,0,0,0,0
845,2025-12-01 06:00:00,PKR-09,L47844,L,299.9,308.5,2886,20.4,197,8.63,6167.6,0.9179,osp,1,0,0,0,0,1,0,0
846,2025-12-01 12:00:00,FAN-07,M47845,M,299.4,310.9,2886,21.7,165,11.47,6555.2,0.9001,osp,1,0,0,0,0,1,0,0
847,2025-12-01 18:00:00,CRS-08,L47846,L,300.0,309.2,2030,37.5,61,9.22,7978.1,0.0063,rnf,0,0,0,0,0,0,0,0
848,2025-12-02 00:00:00,BLR-03,M47847,M,300.5,312.0,1168,53.5,129,11.48,6538.9,0.2613,tol,0,0,0,0,0,0,0,0
849,2025-12-02 06:00:00,PKR-09,L47848,L,301.2,311.7,2044,37.6,82,10.53,8050.7,0.0067,rnf,0,0,0,0,0,0,0,0
850,2025-12-02 12:00:00,RMM-04,H47849,H,301.2,311.6,2162,33.4,253,10.33,7559.8,0.8974,twf,1,1,0,0,0,0,0,0
851,2025-12-02 18:00:00,CRS-08,L47850,L,303.4,313.1,2399,37.9,156,9.69,9522.7,0.8566,pwf,1,0,0,1,0,0,0,0
852,2025-12-03 00:00:00,CRS-08,L47851,L,303.9,314.5,1168,52.7,31,10.66,6450.1,0.2217,tol,0,0,0,0,0,0,0,0
853,2025-12-03 06:00:00,CLC-06,M47852,M,303.9,313.8,1731,31.8,253,9.98,5758.7,0.8977,twf,1,1,0,0,0,0,0,0
854,2025-12-03 12:00:00,KLN-02,H47853,H,303.0,312.7,1168,49.1,80,9.63,6006.2,0.1468,tol,0,0,0,0,0,0,0,0
855,2025-12-03 18:00:00,PKR-09,L47854,L,302.8,313.5,2010,21.2,55,10.7,4471.7,0.0092,pwf,0,0,0,0,0,0,0,0
856,2025-12-04 00:00:00,CRS-08,L47855,L,303.6,313.4,1817,22.2,187,9.86,4232.2,0.0881,twf,0,0,0,0,0,0,0,0
857,2025-12-04 06:00:00,CLC-06,M47856,M,304.5,313.7,2886,14.9,87,9.2,4498.0,0.9001,osp,1,0,0,0,0,1,0,0
858,2025-12-04 12:00:00,BLR-03,M47857,M,305.3,315.9,1272,48.6,42,10.6,6478.8,0.0749,tol,0,0,0,0,0,0,0,0
859,2025-12-04 18:00:00,PKR-09,L47858,L,305.5,315.4,1470,47.4,188,9.94,7297.0,0.3002,osf,1,0,0,0,0,0,0,0
860,2025-12-05 00:00:00,PKR-09,L47859,L,304.3,314.8,1168,47.2,206,10.49,5775.0,0.744,osf,0,0,0,0,1,0,0,0
861,2025-12-05 06:00:00,CML-05,M47860,M,304.4,313.9,1252,32.5,70,9.55,4266.2,0.1099,hdf,0,0,0,0,0,0,0,0
862,2025-12-05 12:00:00,CML-05,M47861,M,303.3,309.5,1168,52.9,136,6.24,6473.2,0.9194,hdf,1,0,1,0,0,0,0,0
863,2025-12-05 18:00:00,CML-05,M47862,M,302.1,313.8,2344,38.7,25,11.74,9493.4,0.8423,pwf,0,0,0,1,0,0,0,0
864,2025-12-06 00:00:00,CRS-08,L47863,L,302.1,313.6,1168,55.9,5,11.55,6834.9,0.4285,tol,1,0,0,0,0,0,0,0
865,2025-12-06 06:00:00,CRS-08,L47864,L,302.3,313.2,1168,58.6,107,10.88,7171.5,0.6257,tol,1,0,0,0,0,0,1,0
866,2025-12-06 12:00:00,KLN-02,H47865,H,302.8,312.4,1243,48.7,17,9.61,6344.8,0.1411,hdf,0,0,0,0,0,0,0,0
867,2025-12-06 18:00:00,BLR-03,M47866,M,303.0,312.7,1168,52.4,46,9.7,6412.7,0.2499,tol,1,0,0,0,0,0,0,0
868,2025-12-07 00:00:00,CML-05,M47867,M,303.2,314.5,1168,54.7,49,11.38,6689.2,0.342,tol,0,0,0,0,0,0,0,0
869,2025-12-07 06:00:00,PKR-09,L47868,L,302.3,311.9,2087,37.2,58,9.65,8125.9,0.007,rnf,0,0,0,0,0,0,0,0
870,2025-12-07 12:00:00,PKR-09,L47869,L,302.1,311.5,1821,35.7,33,9.37,6806.6,0.005,rnf,1,0,0,0,0,0,0,0
871,2025-12-07 18:00:00,FAN-07,M47870,M,300.9,312.8,1257,38.6,91,11.87,5077.5,0.0067,rnf,0,0,0,0,0,0,0,0
872,2025-12-08 00:00:00,PKR-09,L47871,L,299.5,309.5,1475,29.2,14,9.95,4514.2,0.0136,hdf,0,0,0,0,0,0,0,0
873,2025-12-08 06:00:00,RMM-04,H47872,H,300.1,311.8,1349,38.1,75,11.77,5378.9,0.0063,rnf,0,0,0,0,0,0,0,0
874,2025-12-08 12:00:00,CRS-08,L47873,L,299.5,308.1,2886,9.3,137,8.6,2815.9,0.9897,osp,1,0,0,1,0,1,0,0
875,2025-12-08 18:00:00,CLC-06,M47874,M,300.2,310.7,1583,51.3,27,10.52,8497.8,0.1631,tol,0,0,0,0,0,0,0,0
876,2025-12-09 00:00:00,CML-05,M47875,M,300.9,313.0,1168,45.0,55,12.07,5502.1,0.0249,tol,0,0,0,0,0,0,0,0
877,2025-12-09 06:00:00,CRS-08,L47876,L,300.4,303.7,1168,55.7,74,3.3,6815.9,0.9393,hdf,1,0,1,0,0,0,0,0
878,2025-12-09 12:00:00,CRS-08,L47877,L,300.8,310.5,2567,22.1,23,9.74,5934.7,0.5529,osp,0,0,0,0,0,1,0,0
879,2025-12-09 18:00:00,BLR-03,M47878,M,300.3,307.0,1168,55.0,47,6.7,6731.3,0.9328,hdf,0,0,1,0,0,0,0,0
880,2025-12-10 00:00:00,CRS-08,L47879,L,299.0,310.1,1871,22.7,161,11.08,4448.9,0.0126,pwf,0,0,0,0,0,0,0,0
881,2025-12-10 06:00:00,CRS-08,L47880,L,299.2,308.4,2313,26.8,18,9.23,6495.0,0.0111,osp,0,0,0,0,0,0,0,0
882,2025-12-10 12:00:00,BLR-03,M47881,M,298.9,308.8,2474,31.9,80,9.91,8264.4,0.1722,osp,0,0,0,0,0,0,0,0
883,2025-12-10 18:00:00,RMM-04,H47882,H,298.7,307.4,1168,60.0,124,8.77,7343.7,0.8441,tol,1,0,0,0,0,0,1,0
884,2025-12-11 00:00:00,PKR-09,L47883,L,300.1,311.7,1394,46.9,133,11.56,6843.4,0.0438,tol,0,0,0,0,0,0,0,0
885,2025-12-11 06:00:00,PKR-09,L47884,L,299.1,310.2,1168,31.8,115,11.15,3887.3,0.2048,pwf,0,0,0,0,0,0,0,0
886,2025-12-11 12:00:00,CRS-08,L47885,L,299.4,304.1,1218,31.3,28,4.71,3988.9,0.9009,hdf,1,0,1,0,0,0,0,0
887,2025-12-11 18:00:00,CRS-08,L47886,L,298.7,307.6,2244,24.9,35,8.85,5843.3,0.0057,rnf,0,0,0,0,0,0,0,0
888,2025-12-12 00:00:00,PKR-09,L47887,L,299.4,311.0,1168,77.0,119,11.54,9418.1,0.9862,tol,1,0,0,1,0,0,1,0
889,2025-12-12 06:00:00,CRS-08,L47888,L,299.7,309.3,1168,48.8,92,9.63,5967.0,0.1395,hdf,0,0,0,0,0,0,0,0
890,2025-12-12 12:00:00,FAN-07,M47889,M,299.9,308.8,1168,72.3,131,8.89,8843.1,0.9502,tol,1,0,0,0,0,0,1,0
891,2025-12-12 18:00:00,CRS-08,L47890,L,299.3,307.5,1500,44.4,48,8.24,6969.4,0.109,hdf,0,0,0,0,0,0,0,0
892,2025-12-13 00:00:00,KLN-01,H47891,H,298.8,308.2,2886,10.9,34,9.35,3305.4,0.9839,osp,0,0,0,1,0,1,0,0
893,2025-12-13 06:00:00,CRS-08,L47892,L,299.5,308.1,1398,26.3,103,8.55,3850.9,0.5063,hdf,1,0,0,0,0,0,0,0
894,2025-12-13 12:00:00,PKR-09,L47893,L,300.8,310.1,2245,28.1,68,9.38,6597.4,0.0058,rnf,0,0,0,0,0,0,0,0
895,2025-12-13 18:00:00,BLR-03,M47894,M,301.0,311.8,2104,35.9,12,10.74,7919.0,0.0055,rnf,0,0,0,0,0,0,0,0
896,2025-12-14 00:00:00,BLR-03,M47895,M,300.4,310.0,2000,33.9,127,9.62,7089.4,0.0046,rnf,0,0,0,0,0,0,0,0
897,2025-12-14 06:00:00,CRS-08,L47896,L,300.6,310.9,1579,38.8,85,10.36,6414.7,0.0069,rnf,0,0,0,0,0,0,0,0
898,2025-12-14 12:00:00,CRS-08,L47897,L,302.2,311.5,1168,37.8,253,9.28,4625.0,0.9563,twf,1,1,0,0,0,0,0,0
899,2025-12-14 18:00:00,PKR-09,L47898,L,302.1,312.2,1213,40.9,105,10.07,5197.3,0.0303,hdf,0,0,0,0,0,0,0,0
900,2025-12-15 00:00:00,PKR-09,L47899,L,303.0,314.9,1168,45.5,63,11.92,5566.8,0.0288,tol,0,0,0,0,0,0,0,0
901,2025-12-15 06:00:00,CRS-08,L47900,L,302.3,312.0,1859,33.0,29,9.65,6431.2,0.0044,rnf,0,0,0,0,0,0,0,0
902,2025-12-15 12:00:00,CRS-08,L47901,L,302.1,312.5,1313,41.9,76,10.38,5767.5,0.0191,tol,0,0,0,0,0,0,0,0
903,2025-12-15 18:00:00,CRS-08,L47902,L,302.4,310.9,2161,25.3,48,8.43,5720.6,0.0043,rnf,0,0,0,0,0,0,0,0
904,2025-12-16 00:00:00,CRS-08,L47903,L,302.5,314.1,1974,38.6,53,11.52,7973.5,0.007,rnf,0,0,0,0,0,0,0,0
905,2025-12-16 06:00:00,KLN-02,H47904,H,301.9,311.4,2886,12.2,49,9.52,3684.9,0.9471,osp,1,0,0,0,0,1,0,0
906,2025-12-16 12:00:00,FAN-07,M47905,M,301.2,312.3,2886,14.3,91,11.05,4307.5,0.9012,osp,1,0,0,0,0,1,0,0
907,2025-12-16 18:00:00,PKR-09,L47906,L,301.8,311.7,1168,36.5,74,9.88,4458.9,0.0467,hdf,0,0,0,0,0,0,0,0
908,2025-12-17 00:00:00,PKR-09,L47907,L,302.5,313.1,1168,51.4,71,10.61,6285.5,0.1578,tol,0,0,0,0,0,0,0,0
909,2025-12-17 06:00:00,PKR-09,L47908,L,303.4,314.1,2626,20.2,72,10.67,5552.1,0.7599,osp,1,0,0,0,0,1,0,0
910,2025-12-17 12:00:00,PKR-09,L47909,L,304.4,313.9,2491,26.3,12,9.55,6865.9,0.2238,osp,0,0,0,0,0,0,0,0
911,2025-12-17 18:00:00,FAN-07,M47910,M,304.2,315.3,1590,42.4,15,11.09,7059.4,0.0129,tol,0,0,0,0,0,0,0,0
912,2025-12-18 00:00:00,CLC-06,M47911,M,303.8,313.0,1168,59.5,25,9.24,7273.2,0.7371,tol,1,0,0,0,0,0,1,0
913,2025-12-18 06:00:00,RMM-04,H47912,H,304.5,315.2,1584,42.2,15,10.78,7001.9,0.0125,tol,0,0,0,0,0,0,0,0
914,2025-12-18 12:00:00,RMM-04,H47913,H,304.7,314.3,1414,47.7,16,9.61,7065.1,0.0887,tol,0,0,0,0,0,0,0,0
915,2025-12-18 18:00:00,KLN-01,H47914,H,303.7,314.1,1352,36.3,63,10.35,5138.8,0.0125,hdf,0,0,0,0,0,0,0,0
916,2025-12-19 00:00:00,RMM-04,H47915,H,302.8,312.3,1631,30.9,81,9.54,5270.2,0.0049,rnf,0,0,0,0,0,0,0,0
917,2025-12-19 06:00:00,PKR-09,L47916,L,303.0,313.0,1168,62.3,58,10.05,7620.7,0.8013,tol,0,0,0,0,0,0,1,0
918,2025-12-19 12:00:00,CRS-08,L47917,L,302.7,311.6,1710,32.8,75,8.93,5865.6,0.0048,rnf,0,0,0,0,0,0,0,0
919,2025-12-19 18:00:00,PKR-09,L47918,L,302.5,312.7,2886,23.7,149,10.25,7147.8,0.8997,osp,1,0,0,0,0,1,0,0
920,2025-12-20 00:00:00,PKR-09,L47919,L,303.1,313.1,2886,22.3,39,10.04,6748.9,0.8997,osp,1,0,0,0,0,1,0,0
921,2025-12-20 06:00:00,CRS-08,L47920,L,303.4,312.9,1168,40.1,147,9.46,4901.0,0.1208,hdf,0,0,0,0,0,0,0,0
922,2025-12-20 12:00:00,CLC-06,M47921,M,304.1,314.0,1168,49.4,121,9.94,6044.6,0.116,tol,0,0,0,0,0,0,0,0
923,2025-12-20 18:00:00,FAN-07,M47922,M,302.5,312.7,1168,37.6,80,10.13,4603.6,0.0252,hdf,0,0,0,0,0,0,0,0
924,2025-12-21 00:00:00,CRS-08,L47923,L,302.6,311.9,2886,21.2,50,9.38,6418.5,0.8997,osp,0,0,0,0,0,1,0,0
925,2025-12-21 06:00:00,CRS-08,L47924,L,302.9,312.7,2077,29.2,73,9.87,6356.0,0.0042,rnf,0,0,0,0,0,0,0,0
926,2025-12-21 12:00:00,CRS-08,L47925,L,301.7,310.7,1322,53.2,100,8.99,7362.3,0.4594,hdf,0,0,0,0,0,0,0,0
927,2025-12-21 18:00:00,CRS-08,L47926,L,301.1,313.5,2247,30.3,183,12.35,7138.0,0.0439,twf,0,0,0,0,0,0,0,0
928,2025-12-22 00:00:00,CML-05,M47927,M,300.5,311.5,1725,43.1,73,11.06,7779.2,0.0152,tol,0,0,0,0,0,0,0,0
929,2025-12-22 06:00:00,PKR-09,L47928,L,300.5,310.7,2224,30.3,34,10.27,7061.4,0.0053,rnf,0,0,0,0,0,0,0,0
930,2025-12-22 12:00:00,BLR-03,M47929,M,301.5,312.7,1302,39.7,17,11.17,5412.2,0.0084,rnf,0,0,0,0,0,0,0,0
931,2025-12-22 18:00:00,PKR-09,L47930,L,302.8,310.8,2237,24.9,18,8.02,5835.7,0.0055,rnf,0,0,0,0,0,0,0,0
932,2025-12-23 00:00:00,CRS-08,L47931,L,302.1,309.5,1511,41.1,42,7.44,6502.6,0.0938,hdf,0,0,0,0,0,0,0,0
933,2025-12-23 06:00:00,PKR-09,L47932,L,302.3,311.9,1183,44.1,39,9.6,5460.5,0.0955,hdf,0,0,0,0,0,0,0,0
934,2025-12-23 12:00:00,CML-05,M47933,M,302.6,309.9,1726,43.5,68,7.35,7868.0,0.0179,tol,0,0,0,0,0,0,0,0
935,2025-12-23 18:00:00,CML-05,M47934,M,302.7,312.4,1480,30.1,52,9.76,4657.8,0.0144,hdf,0,0,0,0,0,0,0,0
936,2025-12-24 00:00:00,PKR-09,L47935,L,302.8,313.0,1684,36.2,19,10.21,6390.4,0.0052,rnf,0,0,0,0,0,0,0,0
937,2025-12-24 06:00:00,RMM-04,H47936,H,302.8,313.7,1435,45.9,80,10.92,6900.3,0.0327,tol,0,0,0,0,0,0,0,0
938,2025-12-24 12:00:00,CRS-08,L47937,L,303.8,312.7,1426,37.7,70,8.86,5624.8,0.1741,hdf,0,0,0,0,0,0,0,0
939,2025-12-24 18:00:00,CML-05,M47938,M,304.3,314.7,1387,36.8,27,10.4,5350.8,0.0104,hdf,0,0,0,0,0,0,0,0
940,2025-12-25 00:00:00,CRS-08,L47939,L,303.3,313.4,1168,60.9,37,10.01,7453.5,0.7534,tol,1,0,0,0,0,0,1,0
941,2025-12-25 06:00:00,PKR-09,L47940,L,303.7,314.0,2261,29.5,149,10.35,6993.4,0.0071,rnf,0,0,0,0,0,0,0,0
942,2025-12-25 12:00:00,FAN-07,M47941,M,304.1,313.5,1168,58.5,99,9.48,7153.3,0.6561,tol,1,0,0,0,0,0,1,0
943,2025-12-25 18:00:00,PKR-09,L47942,L,304.0,315.4,1783,32.5,253,11.38,6076.0,0.9034,twf,1,1,0,0,0,0,0,0
944,2025-12-26 00:00:00,CRS-08,L47943,L,304.6,314.5,1498,47.2,48,9.9,7405.1,0.0506,tol,0,0,0,0,0,0,0,0
945,2025-12-26 06:00:00,PKR-09,L47944,L,304.4,316.2,1297,47.8,51,11.77,6491.5,0.0553,tol,0,0,0,0,0,0,0,0
946,2025-12-26 12:00:00,PKR-09,L47945,L,304.3,313.5,2008,34.4,75,9.21,7231.6,0.0046,rnf,0,0,0,0,0,0,0,0
947,2025-12-26 18:00:00,BLR-03,M47946,M,304.1,314.8,2886,18.3,76,10.74,5522.0,0.8997,osp,0,0,0,0,0,1,0,0
948,2025-12-27 00:00:00,CLC-06,M47947,M,302.5,312.4,2886,18.3,59,9.94,5538.3,0.8997,osp,1,0,0,0,0,1,0,0
949,2025-12-27 06:00:00,CLC-06,M47948,M,302.3,312.0,2115,33.2,84,9.67,7361.8,0.0045,rnf,0,0,0,0,0,0,0,0
950,2025-12-27 12:00:00,PKR-09,L47949,L,301.7,312.3,1168,45.8,41,10.63,5600.5,0.035,tol,0,0,0,0,0,0,0,0
951,2025-12-27 18:00:00,CRS-08,L47950,L,300.8,310.5,2232,28.1,58,9.7,6577.8,0.0054,rnf,0,0,0,0,0,0,0,0
952,2025-12-28 00:00:00,CRS-08,L47951,L,301.7,309.1,1239,41.1,215,7.34,5328.1,0.961,hdf,1,1,1,0,0,0,0,0
953,2025-12-28 06:00:00,CRS-08,L47952,L,302.0,308.9,2192,23.8,106,6.94,5453.8,0.0046,rnf,0,0,0,0,0,0,0,0
954,2025-12-28 12:00:00,CRS-08,L47953,L,301.8,313.1,1168,37.4,27,11.27,4577.8,0.0089,rnf,0,0,0,0,0,0,0,0
955,2025-12-28 18:00:00,RMM-04,H47954,H,301.3,312.0,1973,27.4,28,10.71,5658.1,0.0041,rnf,0,0,0,0,0,0,0,0
956,2025-12-29 00:00:00,CLC-06,M47955,M,301.4,313.3,1627,39.1,40,11.89,6668.8,0.007,rnf,0,0,0,0,0,0,0,0
957,2025-12-29 06:00:00,FAN-07,M47956,M,302.0,312.0,1641,34.5,94,9.98,5925.7,0.0048,rnf,0,0,0,0,0,0,0,0
958,2025-12-29 12:00:00,CRS-08,L47957,L,301.4,310.1,2886,7.4,57,8.71,2235.9,0.99,pwf,1,0,0,1,0,1,0,0
959,2025-12-29 18:00:00,PKR-09,L47958,L,301.3,310.8,1270,32.8,161,9.58,4364.7,0.095,hdf,0,0,0,0,0,0,0,0
960,2025-12-30 00:00:00,CRS-08,L47959,L,301.8,311.8,2755,29.7,93,10.01,8574.0,0.8921,osp,1,0,0,0,0,1,0,0
961,2025-12-30 06:00:00,PKR-09,L47960,L,300.4,309.4,2393,25.5,60,8.99,6401.4,0.0401,osp,0,0,0,0,0,0,0,0
962,2025-12-30 12:00:00,CRS-08,L47961,L,300.3,311.9,1168,51.9,113,11.65,6349.3,0.1777,tol,1,0,0,0,0,0,0,0
963,2025-12-30 18:00:00,PKR-09,L47962,L,300.0,312.2,2805,21.1,135,12.24,6199.7,0.8965,osp,1,0,0,0,0,1,0,0
964,2025-12-31 00:00:00,PKR-09,L47963,L,299.9,310.4,2886,15.8,129,10.48,4767.7,0.8997,osp,1,0,0,0,0,1,0,0
965,2025-12-31 06:00:00,KLN-02,H47964,H,299.6,309.6,2451,22.1,134,9.99,5661.2,0.1141,osp,1,0,0,0,0,0,0,0
966,2025-12-31 12:00:00,PKR-09,L47965,L,299.7,308.4,1168,50.1,27,8.71,6123.2,0.5623,hdf,1,0,1,0,0,0,0,0
967,2025-12-31 18:00:00,RMM-04,H47966,H,301.0,312.6,2787,31.6,8,11.55,9231.2,0.9616,osp,1,0,0,1,0,1,0,0
968,2026-01-01 00:00:00,PKR-09,L47967,L,300.7,310.8,1168,56.5,31,10.08,6907.6,0.4836,tol,1,0,0,0,0,0,0,0
969,2026-01-01 06:00:00,PKR-09,L47968,L,300.9,310.6,1797,30.6,94,9.71,5755.5,0.0042,rnf,0,0,0,0,0,0,0,0
970,2026-01-01 12:00:00,PKR-09,L47969,L,302.2,312.7,1168,45.5,78,10.48,5569.8,0.0351,tol,1,0,0,0,0,0,0,0
971,2026-01-01 18:00:00,PKR-09,L47970,L,301.7,311.1,1168,51.4,69,9.41,6287.2,0.2615,tol,1,0,0,0,0,0,0,0
972,2026-01-02 00:00:00,CRS-08,L47971,L,302.8,313.0,1349,45.0,30,10.15,6351.8,0.0376,tol,0,0,0,0,0,0,0,0
973,2026-01-02 06:00:00,CRS-08,L47972,L,302.6,311.2,1339,24.9,57,8.56,3487.6,0.8631,pwf,0,0,1,1,0,0,0,0
974,2026-01-02 12:00:00,RMM-04,H47973,H,303.7,314.8,1900,29.6,93,11.09,5896.3,0.0041,rnf,0,0,0,0,0,0,0,0
975,2026-01-02 18:00:00,CRS-08,L47974,L,304.0,313.9,1337,52.9,32,9.9,7401.2,0.2486,tol,0,0,0,0,0,0,0,0
976,2026-01-03 00:00:00,FAN-07,M47975,M,303.9,315.1,1559,21.9,96,11.16,3570.7,0.6343,pwf,1,0,0,1,0,0,0,0
977,2026-01-03 06:00:00,PKR-09,L47976,L,303.7,312.8,1168,69.1,73,9.1,8457.9,0.919,tol,1,0,0,0,0,0,1,0
978,2026-01-03 12:00:00,CRS-08,L47977,L,303.0,312.9,1168,60.2,112,9.86,7357.6,0.7228,tol,1,0,0,0,0,0,1,0
979,2026-01-03 18:00:00,CRS-08,L47978,L,302.9,311.7,1286,41.6,88,8.79,5594.6,0.4371,hdf,1,0,0,0,0,0,0,0
980,2026-01-04 00:00:00,CRS-08,L47979,L,303.3,314.1,2038,24.8,103,10.76,5282.2,0.0041,rnf,0,0,0,0,0,0,0,0
981,2026-01-04 06:00:00,KLN-01,H47980,H,303.1,312.2,1308,33.3,34,9.12,4561.0,0.2327,hdf,0,0,0,0,0,0,0,0
982,2026-01-04 12:00:00,CML-05,M47981,M,302.7,312.2,2886,30.4,46,9.51,9185.8,0.9574,osp,1,0,0,1,0,1,0,0
983,2026-01-04 18:00:00,CLC-06,M47982,M,302.4,312.4,1368,35.3,85,10.0,5059.5,0.0233,hdf,0,0,0,0,0,0,0,0
984,2026-01-05 00:00:00,PKR-09,L47983,L,302.9,313.0,1168,41.0,84,10.12,5017.9,0.0276,hdf,0,0,0,0,0,0,0,0
985,2026-01-05 06:00:00,PKR-09,L47984,L,303.6,311.9,1168,45.1,15,8.29,5515.0,0.7378,hdf,1,0,1,0,0,0,0,0
986,2026-01-05 12:00:00,KLN-02,H47985,H,302.9,312.7,1703,34.6,37,9.77,6172.0,0.0047,rnf,0,0,0,0,0,0,0,0
987,2026-01-05 18:00:00,PKR-09,L47986,L,302.3,313.1,1550,29.8,52,10.8,4832.6,0.0047,rnf,0,0,0,0,0,0,0,0
988,2026-01-06 00:00:00,CRS-08,L47987,L,302.4,312.0,1415,42.0,94,9.62,6223.3,0.0464,hdf,0,0,0,0,0,0,0,0
989,2026-01-06 06:00:00,PKR-09,L47988,L,303.3,313.1,2886,24.5,80,9.78,7418.4,0.8997,osp,1,0,0,0,0,1,0,0
990,2026-01-06 12:00:00,FAN-07,M47989,M,303.9,314.0,1168,51.9,84,10.16,6343.5,0.1881,tol,0,0,0,0,0,0,0,0
991,2026-01-06 18:00:00,CML-05,M47990,M,302.8,312.7,1168,38.7,68,9.87,4738.4,0.0438,hdf,0,0,0,0,0,0,0,0
992,2026-01-07 00:00:00,CLC-06,M47991,M,302.4,311.4,1700,36.4,156,8.97,6482.8,0.0071,rnf,0,0,0,0,0,0,0,0
993,2026-01-07 06:00:00,FAN-07,M47992,M,301.7,311.6,1168,65.5,188,9.96,8017.5,0.9851,osf,1,0,0,0,1,0,1,0
994,2026-01-07 12:00:00,CRS-08,L47993,L,301.4,312.4,1420,39.2,124,10.99,5823.4,0.0078,rnf,0,0,0,0,0,0,0,0
995,2026-01-07 18:00:00,KLN-01,H47994,H,302.4,311.3,2886,21.8,6,8.95,6576.8,0.8997,osp,1,0,0,0,0,1,0,0
996,2026-01-08 00:00:00,PKR-09,L47995,L,301.3,307.0,2308,28.3,21,5.71,6846.3,0.0105,osp,0,0,0,0,0,0,0,0
997,2026-01-08 06:00:00,BLR-03,M47996,M,300.1,308.7,1168,51.6,96,8.62,6315.6,0.6365,hdf,1,0,1,0,0,0,0,0
998,2026-01-08 12:00:00,PKR-09,L47997,L,299.5,310.5,2657,29.0,64,10.94,8079.2,0.8214,osp,1,0,0,0,0,1,0,0
999,2026-01-08 18:00:00,KLN-01,H47998,H,299.8,309.7,2886,21.5,115,9.91,6498.6,0.8997,osp,1,0,0,0,0,1,0,0
1000,2026-01-09 00:00:00,CRS-08,L47999,L,300.2,309.3,1625,43.9,61,9.15,7465.9,0.0204,tol,0,0,0,0,0,0,0,0
1001,2026-01-09 06:00:00,PKR-09,L48000,L,300.5,310.6,1561,42.9,119,10.09,7018.5,0.0154,tol,0,0,0,0,0,0,0,0
1002,2026-01-09 12:00:00,PKR-09,L48001,L,301.2,310.0,1938,30.4,87,8.8,6165.5,0.0042,rnf,0,0,0,0,0,0,0,0
1003,2026-01-09 18:00:00,PKR-09,L48002,L,300.0,308.9,1667,27.4,60,8.97,4783.0,0.0058,rnf,0,0,0,0,0,0,0,0
1004,2026-01-10 00:00:00,PKR-09,L48003,L,300.8,309.3,1381,51.0,115,8.54,7376.9,0.485,hdf,0,0,0,0,0,0,0,0
1005,2026-01-10 06:00:00,CLC-06,M48004,M,300.5,309.5,2886,13.4,253,8.93,4039.8,0.9905,osp,1,1,0,0,0,1,0,0
1006,2026-01-10 12:00:00,PKR-09,L48005,L,301.0,312.3,1191,46.0,41,11.36,5732.0,0.033,tol,0,0,0,0,0,0,0,0
1007,2026-01-10 18:00:00,RMM-04,H48006,H,300.0,309.3,1320,41.3,160,9.27,5710.3,0.1708,hdf,0,0,0,0,0,0,0,0
1008,2026-01-11 00:00:00,PKR-09,L48007,L,300.0,310.5,1168,57.4,21,10.47,7016.1,0.541,tol,0,0,0,0,0,0,1,0
1009,2026-01-11 06:00:00,BLR-03,M48008,M,300.2,309.4,1511,46.1,28,9.16,7291.7,0.0553,tol,0,0,0,0,0,0,0,0
1010,2026-01-11 12:00:00,PKR-09,L48009,L,301.0,311.7,2127,30.7,90,10.76,6836.6,0.0043,rnf,0,0,0,0,0,0,0,0
1011,2026-01-11 18:00:00,FAN-07,M48010,M,299.8,308.8,1168,56.8,67,8.97,6950.2,0.6669,tol,1,0,0,0,0,0,0,0
1012,2026-01-12 00:00:00,PKR-09,L48011,L,299.9,309.9,2266,25.1,102,10.04,5954.0,0.0067,rnf,0,0,0,0,0,0,0,0
1013,2026-01-12 06:00:00,CRS-08,L48012,L,299.1,309.2,1336,35.3,94,10.05,4943.2,0.0235,hdf,0,0,0,0,0,0,0,0
1014,2026-01-12 12:00:00,RMM-04,H48013,H,299.5,309.9,1168,39.3,133,10.34,4810.1,0.0172,hdf,0,0,0,0,0,0,0,0
1015,2026-01-12 18:00:00,CRS-08,L48014,L,300.1,310.7,2886,3.0,50,10.63,906.7,0.99,pwf,1,0,0,1,0,1,0,0
1016,2026-01-13 00:00:00,CRS-08,L48015,L,301.0,310.4,1168,47.7,61,9.41,5831.1,0.1752,hdf,0,0,0,0,0,0,0,0
1017,2026-01-13 06:00:00,CML-05,M48016,M,300.5,311.2,1168,49.8,160,10.69,6093.4,0.1087,tol,0,0,0,0,0,0,0,0
1018,2026-01-13 12:00:00,BLR-03,M48017,M,301.1,313.3,1168,55.7,57,12.14,6809.3,0.4128,tol,1,0,0,0,0,0,0,0
1019,2026-01-13 18:00:00,PKR-09,L48018,L,302.0,310.4,2886,19.8,120,8.37,5973.2,0.8997,osp,1,0,0,0,0,1,0,0
1020,2026-01-14 00:00:00,PKR-09,L48019,L,300.8,309.9,1557,35.5,82,9.16,5785.0,0.0135,hdf,0,0,0,0,0,0,0,0
1021,2026-01-14 06:00:00,CML-05,M48020,M,301.1,310.9,1585,35.1,109,9.76,5823.7,0.0058,rnf,0,0,0,0,0,0,0,0
1022,2026-01-14 12:00:00,CLC-06,M48021,M,301.7,311.3,1168,52.6,26,9.58,6439.4,0.278,tol,1,0,0,0,0,0,0,0
1023,2026-01-14 18:00:00,RMM-04,H48022,H,301.4,311.1,1412,39.5,37,9.67,5841.2,0.0392,hdf,0,0,0,0,0,0,0,0
1024,2026-01-15 00:00:00,CRS-08,L48023,L,300.5,309.2,1168,53.7,124,8.7,6573.3,0.6515,hdf,1,0,1,0,0,0,0,0
1025,2026-01-15 06:00:00,FAN-07,M48024,M,301.1,312.5,1536,45.6,70,11.4,7334.1,0.0293,tol,0,0,0,0,0,0,0,0
1026,2026-01-15 12:00:00,CRS-08,L48025,L,300.2,308.8,1237,46.3,114,8.58,5995.8,0.595,hdf,1,0,1,0,0,0,0,0
1027,2026-01-15 18:00:00,RMM-04,H48026,H,300.1,309.9,1210,48.7,82,9.8,6168.4,0.1127,tol,0,0,0,0,0,0,0,0
1028,2026-01-16 00:00:00,CRS-08,L48027,L,300.1,311.1,1168,48.7,103,11.05,5960.9,0.0739,tol,0,0,0,0,0,0,0,0
1029,2026-01-16 06:00:00,FAN-07,M48028,M,300.6,310.5,1168,45.2,10,9.97,5527.4,0.0534,hdf,0,0,0,0,0,0,0,0
1030,2026-01-16 12:00:00,CRS-08,L48029,L,300.1,309.1,2886,14.8,27,9.02,4468.2,0.9002,osp,0,0,0,0,0,1,0,0
1031,2026-01-16 18:00:00,PKR-09,L48030,L,299.6,308.3,1168,29.2,132,8.65,3570.5,0.8335,pwf,1,0,1,1,0,0,0,0
1032,2026-01-17 00:00:00,CML-05,M48031,M,299.7,309.5,1321,55.2,51,9.77,7639.1,0.4068,tol,0,0,0,0,0,0,0,0
1033,2026-01-17 06:00:00,CRS-08,L48032,L,300.4,309.7,2412,26.2,115,9.24,6613.6,0.0568,osp,0,0,0,0,0,0,0,0
1034,2026-01-17 12:00:00,KLN-02,H48033,H,301.9,312.1,2886,10.5,35,10.21,3166.0,0.9875,osp,1,0,0,1,0,1,0,0
1035,2026-01-17 18:00:00,PKR-09,L48034,L,300.8,309.4,1168,47.8,3,8.6,5843.0,0.6001,hdf,0,0,1,0,0,0,0,0
1036,2026-01-18 00:00:00,BLR-03,M48035,M,301.0,311.8,2479,32.0,80,10.81,8311.5,0.1889,osp,0,0,0,0,0,0,0,0
1037,2026-01-18 06:00:00,CRS-08,L48036,L,300.2,310.3,2886,18.1,38,10.12,5455.8,0.8997,osp,1,0,0,0,0,1,0,0
1038,2026-01-18 12:00:00,PKR-09,L48037,L,300.9,311.0,1659,33.7,98,10.19,5860.8,0.0046,rnf,0,0,0,0,0,0,0,0
1039,2026-01-18 18:00:00,CRS-08,L48038,L,300.2,311.6,1168,57.0,177,11.44,6977.1,0.8564,osf,1,0,0,0,1,0,1,0
1040,2026-01-19 00:00:00,PKR-09,L48039,L,299.7,309.3,1634,30.5,38,9.56,5220.2,0.0048,rnf,0,0,0,0,0,0,0,0
1041,2026-01-19 06:00:00,PKR-09,L48040,L,299.3,308.6,1885,31.3,56,9.27,6169.9,0.0042,rnf,0,0,0,0,0,0,0,0
1042,2026-01-19 12:00:00,FAN-07,M48041,M,299.3,308.8,1706,29.0,40,9.45,5186.5,0.0043,rnf,0,0,0,0,0,0,0,0
1043,2026-01-19 18:00:00,CML-05,M48042,M,299.6,309.4,1168,53.4,32,9.81,6526.9,0.2875,tol,0,0,0,0,0,0,0,0
1044,2026-01-20 00:00:00,FAN-07,M48043,M,299.9,309.8,2584,23.1,97,9.91,6243.0,0.626,osp,1,0,0,0,0,1,0,0
1045,2026-01-20 06:00:00,CRS-08,L48044,L,299.9,309.1,1698,33.1,108,9.17,5889.7,0.0048,rnf,0,0,0,0,0,0,0,0
1046,2026-01-20 12:00:00,CRS-08,L48045,L,299.0,307.0,1168,55.5,33,7.98,6794.3,0.8943,hdf,1,0,1,0,0,0,0,0
1047,2026-01-20 18:00:00,CRS-08,L48046,L,299.6,309.0,1168,46.4,33,9.44,5672.2,0.151,hdf,0,0,0,0,0,0,0,0
1048,2026-01-21 00:00:00,CLC-06,M48047,M,299.6,309.9,1335,38.9,45,10.36,5435.4,0.0144,hdf,0,0,0,0,0,0,0,0
1049,2026-01-21 06:00:00,BLR-03,M48048,M,300.4,310.5,1828,26.5,77,10.14,5080.8,0.0041,rnf,0,0,0,0,0,0,0,0
1050,2026-01-21 12:00:00,PKR-09,L48049,L,299.9,311.1,1168,46.7,143,11.2,5706.4,0.0431,tol,0,0,0,0,0,0,0,0
1051,2026-01-21 18:00:00,FAN-07,M48050,M,298.8,310.8,1168,40.2,39,11.96,4915.1,0.0086,tol,0,0,0,0,0,0,0,0
1052,2026-01-22 00:00:00,CRS-08,L48051,L,298.9,309.6,2847,23.0,9,10.76,6845.3,0.8987,osp,1,0,0,0,0,1,0,0
1053,2026-01-22 06:00:00,PKR-09,L48052,L,299.8,311.2,2210,20.4,24,11.38,4716.8,0.0058,rnf,0,0,0,0,0,0,0,0
1054,2026-01-22 12:00:00,PKR-09,L48053,L,299.9,310.7,2088,27.7,44,10.77,6062.3,0.0041,rnf,0,0,0,0,0,0,0,0
1055,2026-01-22 18:00:00,CRS-08,L48054,L,299.8,311.5,1310,37.5,196,11.71,5143.4,0.1775,twf,0,0,0,0,0,0,0,0
1056,2026-01-23 00:00:00,CLC-06,M48055,M,299.2,311.1,2886,17.5,16,11.85,5286.8,0.8997,osp,1,0,0,0,0,1,0,0
1057,2026-01-23 06:00:00,KLN-02,H48056,H,300.4,311.4,1250,33.3,72,10.95,4357.6,0.017,pwf,0,0,0,0,0,0,0,0
1058,2026-01-23 12:00:00,PKR-09,L48057,L,299.7,310.4,2886,9.0,253,10.71,2719.9,0.999,osp,1,1,0,1,0,1,0,0
1059,2026-01-23 18:00:00,CRS-08,L48058,L,299.2,309.0,1829,34.9,26,9.79,6687.9,0.0047,rnf,0,0,0,0,0,0,0,0
1060,2026-01-24 00:00:00,BLR-03,M48059,M,299.7,309.6,1491,43.3,76,9.96,6763.0,0.0201,tol,0,0,0,0,0,0,0,0
1061,2026-01-24 06:00:00,KLN-01,H48060,H,298.4,308.1,1482,37.1,62,9.66,5752.1,0.0166,hdf,0,0,0,0,0,0,0,0
1062,2026-01-24 12:00:00,BLR-03,M48061,M,299.4,310.0,1608,38.2,78,10.62,6426.1,0.0062,rnf,0,0,0,0,0,0,0,0
1063,2026-01-24 18:00:00,CRS-08,L48062,L,299.9,309.1,1568,45.6,58,9.28,7487.9,0.0344,tol,0,0,0,0,0,0,0,0
1064,2026-01-25 00:00:00,FAN-07,M48063,M,300.5,310.3,1815,37.4,17,9.81,7106.4,0.0057,rnf,0,0,0,0,0,0,0,0
1065,2026-01-25 06:00:00,PKR-09,L48064,L,300.8,308.5,1431,44.4,108,7.64,6651.7,0.3518,hdf,1,0,0,0,0,0,0,0
1066,2026-01-25 12:00:00,KLN-01,H48065,H,300.7,312.4,1243,43.1,9,11.72,5607.2,0.0153,tol,0,0,0,0,0,0,0,0
1067,2026-01-25 18:00:00,PKR-09,L48066,L,299.9,309.7,1707,29.5,82,9.78,5278.3,0.0042,rnf,0,0,0,0,0,0,0,0
1068,2026-01-26 00:00:00,BLR-03,M48067,M,299.8,310.3,1224,56.3,65,10.46,7218.7,0.466,tol,1,0,0,0,0,0,0,0
1069,2026-01-26 06:00:00,CRS-08,L48068,L,299.2,310.6,1459,50.0,22,11.46,7642.6,0.1055,tol,0,0,0,0,0,0,0,0
1070,2026-01-26 12:00:00,PKR-09,L48069,L,299.5,309.8,1796,28.1,38,10.3,5285.1,0.0041,rnf,0,0,0,0,0,0,0,0
1071,2026-01-26 18:00:00,CML-05,M48070,M,300.1,311.6,1168,64.2,105,11.44,7849.9,0.8419,tol,0,0,0,0,0,0,1,0
1072,2026-01-27 00:00:00,CLC-06,M48071,M,301.1,309.9,1497,31.3,45,8.76,4906.6,0.0642,hdf,0,0,0,0,0,0,0,0
1073,2026-01-27 06:00:00,CRS-08,L48072,L,301.3,313.7,1492,44.9,16,12.4,7014.9,0.0243,tol,0,0,0,0,0,0,0,0
1074,2026-01-27 12:00:00,KLN-01,H48073,H,301.8,312.9,1872,24.9,71,11.09,4875.8,0.0044,rnf,0,0,0,0,0,0,0,0
1075,2026-01-27 18:00:00,CLC-06,M48074,M,301.5,309.1,2403,27.8,153,7.59,7000.2,0.0495,osp,0,0,0,0,0,0,0,0
1076,2026-01-28 00:00:00,CRS-08,L48075,L,301.1,312.5,1455,43.8,18,11.43,6669.6,0.0182,tol,0,0,0,0,0,0,0,0
1077,2026-01-28 06:00:00,CRS-08,L48076,L,301.4,310.2,1168,51.0,57,8.83,6234.8,0.5061,hdf,1,0,0,0,0,0,0,0
1078,2026-01-28 12:00:00,PKR-09,L48077,L,301.0,310.7,1659,45.5,58,9.71,7907.7,0.0294,tol,0,0,0,0,0,0,0,0
1079,2026-01-28 18:00:00,CLC-06,M48078,M,301.1,312.6,1168,53.6,100,11.44,6561.5,0.2724,tol,0,0,0,0,0,0,0,0
1080,2026-01-29 00:00:00,PKR-09,L48079,L,300.4,308.5,1737,44.1,135,8.13,8024.0,0.0215,tol,1,0,0,0,0,0,0,0
1081,2026-01-29 06:00:00,PKR-09,L48080,L,299.7,310.3,1168,43.8,147,10.56,5355.1,0.0249,tol,0,0,0,0,0,0,0,0
1082,2026-01-29 12:00:00,KLN-02,H48081,H,300.2,310.7,1168,34.5,79,10.53,4214.8,0.038,pwf,0,0,0,0,0,0,0,0
1083,2026-01-29 18:00:00,RMM-04,H48082,H,300.8,312.7,1168,57.0,65,11.97,6974.7,0.5134,tol,1,0,0,0,0,0,1,0
1084,2026-01-30 00:00:00,FAN-07,M48083,M,300.1,308.5,1168,65.4,131,8.42,7995.6,0.9555,tol,1,0,1,0,0,0,1,0
1085,2026-01-30 06:00:00,KLN-02,H48084,H,300.5,312.1,2444,31.4,110,11.61,8029.8,0.1016,osp,0,0,0,0,0,0,0,0
1086,2026-01-30 12:00:00,CML-05,M48085,M,300.1,309.6,1192,38.7,36,9.44,4832.9,0.1241,hdf,0,0,0,0,0,0,0,0
1087,2026-01-30 18:00:00,FAN-07,M48086,M,300.1,309.7,1168,57.5,72,9.55,7033.6,0.5881,tol,1,0,0,0,0,0,1,0
1088,2026-01-31 00:00:00,CLC-06,M48087,M,301.1,309.9,1168,46.9,56,8.78,5733.6,0.4852,hdf,1,0,0,0,0,0,0,0
1089,2026-01-31 06:00:00,PKR-09,L48088,L,301.6,310.5,1168,40.8,91,8.91,4994.3,0.3806,hdf,0,0,0,0,0,0,0,0
1090,2026-01-31 12:00:00,PKR-09,L48089,L,302.0,312.4,1168,45.3,26,10.4,5544.0,0.035,tol,0,0,0,0,0,0,0,0
1091,2026-01-31 18:00:00,CRS-08,L48090,L,303.2,312.1,1553,38.9,55,8.89,6331.8,0.0223,hdf,0,0,0,0,0,0,0,0
1092,2026-02-01 00:00:00,FAN-07,M48091,M,302.5,313.2,1238,31.0,40,10.74,4014.3,0.105,pwf,0,0,0,0,0,0,0,0
1093,2026-02-01 06:00:00,PKR-09,L48092,L,301.7,311.0,1168,44.2,70,9.34,5401.0,0.1699,hdf,0,0,0,0,0,0,0,0
1094,2026-02-01 12:00:00,PKR-09,L48093,L,301.1,309.9,1168,52.8,201,8.79,6455.6,0.9436,osf,1,0,0,0,1,0,0,0
1095,2026-02-01 18:00:00,PKR-09,L48094,L,300.9,310.3,1168,69.1,100,9.47,8448.4,0.902,tol,1,0,0,0,0,0,1,0
1096,2026-02-02 00:00:00,CRS-08,L48095,L,299.2,309.6,1168,48.7,106,10.34,5953.3,0.0805,tol,0,0,0,0,0,0,0,0
1097,2026-02-02 06:00:00,CRS-08,L48096,L,299.1,308.8,1462,42.7,219,9.72,6542.2,0.831,twf,1,1,0,0,0,0,0,0
1098,2026-02-02 12:00:00,BLR-03,M48097,M,298.8,308.8,1168,48.0,88,10.03,5873.4,0.0808,tol,0,0,0,0,0,0,0,0
1099,2026-02-02 18:00:00,CLC-06,M48098,M,299.4,310.1,1305,43.4,59,10.7,5930.6,0.0194,tol,0,0,0,0,0,0,0,0
1100,2026-02-03 00:00:00,PKR-09,L48099,L,299.7,310.8,1168,54.4,67,11.08,6654.3,0.3226,tol,0,0,0,0,0,0,0,0
1101,2026-02-03 06:00:00,PKR-09,L48100,L,299.3,309.0,1479,34.2,35,9.69,5300.4,0.0155,hdf,0,0,0,0,0,0,0,0
1102,2026-02-03 12:00:00,CRS-08,L48101,L,299.7,308.7,1195,42.1,13,8.96,5263.4,0.3537,hdf,0,0,0,0,0,0,0,0
1103,2026-02-03 18:00:00,BLR-03,M48102,M,300.2,310.3,1257,38.9,51,10.08,5123.4,0.0267,hdf,0,0,0,0,0,0,0,0
1104,2026-02-04 00:00:00,CLC-06,M48103,M,299.7,310.2,1709,40.6,121,10.47,7275.4,0.009,tol,0,0,0,0,0,0,0,0
1105,2026-02-04 06:00:00,CRS-08,L48104,L,299.4,307.9,2043,30.8,188,8.54,6586.2,0.0726,twf,0,0,0,0,0,0,0,0
1106,2026-02-04 12:00:00,CML-05,M48105,M,297.9,307.0,1289,36.8,95,9.11,4970.7,0.2462,hdf,0,0,0,0,0,0,0,0
1107,2026-02-04 18:00:00,CRS-08,L48106,L,297.3,306.6,1168,44.6,153,9.28,5454.9,0.1971,hdf,0,0,0,0,0,0,0,0
1108,2026-02-05 00:00:00,CRS-08,L48107,L,297.0,306.8,1300,55.0,124,9.79,7488.8,0.393,tol,1,0,0,0,0,0,0,0
1109,2026-02-05 06:00:00,KLN-02,H48108,H,297.2,306.4,2065,39.9,58,9.24,8626.8,0.0445,pwf,0,0,0,0,0,0,0,0
1110,2026-02-05 12:00:00,PKR-09,L48109,L,296.7,307.4,1281,35.5,142,10.71,4756.3,0.0091,rnf,0,0,0,0,0,0,0,0
1111,2026-02-05 18:00:00,PKR-09,L48110,L,296.6,305.0,1168,48.7,116,8.39,5954.5,0.7096,hdf,0,0,1,0,0,0,0,0
1112,2026-02-06 00:00:00,CRS-08,L48111,L,296.0,304.4,1867,31.3,26,8.42,6113.9,0.0042,rnf,0,0,0,0,0,0,0,0
1113,2026-02-06 06:00:00,CLC-06,M48112,M,296.3,306.0,1168,51.9,27,9.67,6352.3,0.2317,tol,0,0,0,0,0,0,0,0
1114,2026-02-06 12:00:00,RMM-04,H48113,H,296.8,306.6,1168,51.9,8,9.82,6349.4,0.2117,tol,0,0,0,0,0,0,0,0
1115,2026-02-06 18:00:00,KLN-02,H48114,H,297.3,305.8,2467,41.0,78,8.55,10600.0,0.9156,pwf,0,0,0,1,0,0,0,0
1116,2026-02-07 00:00:00,CRS-08,L48115,L,297.5,306.8,1419,44.1,28,9.39,6558.6,0.079,hdf,0,0,0,0,0,0,0,0
1117,2026-02-07 06:00:00,PKR-09,L48116,L,296.6,306.2,2886,29.3,57,9.6,8864.0,0.9152,osp,1,0,0,0,0,1,0,0
1118,2026-02-07 12:00:00,BLR-03,M48117,M,296.4,306.0,1558,41.2,111,9.61,6722.7,0.0127,tol,0,0,0,0,0,0,0,0
1119,2026-02-07 18:00:00,CRS-08,L48118,L,296.3,306.4,1533,44.2,86,10.15,7093.0,0.021,tol,0,0,0,0,0,0,0,0
1120,2026-02-08 00:00:00,BLR-03,M48119,M,296.2,305.6,2239,33.8,75,9.34,7932.6,0.0064,rnf,0,0,0,0,0,0,0,0
1121,2026-02-08 06:00:00,CLC-06,M48120,M,296.5,308.0,1332,54.7,188,11.48,7624.5,0.5987,osf,1,0,0,0,0,0,0,0
1122,2026-02-08 12:00:00,CRS-08,L48121,L,297.7,308.2,1819,46.4,2,10.49,8833.0,0.1618,pwf,0,0,0,0,0,0,0,0
1123,2026-02-08 18:00:00,CML-05,M48122,M,298.4,307.6,1980,33.8,81,9.19,6998.7,0.0045,rnf,0,0,0,0,0,0,0,0
1124,2026-02-09 00:00:00,PKR-09,L48123,L,297.8,307.9,1168,60.7,47,10.09,7425.8,0.7425,tol,0,0,0,0,0,0,1,0
1125,2026-02-09 06:00:00,CRS-08,L48124,L,298.4,308.5,1636,41.1,31,10.12,7036.3,0.0099,tol,0,0,0,0,0,0,0,0
1126,2026-02-09 12:00:00,CRS-08,L48125,L,298.9,310.1,2346,28.0,110,11.21,6869.9,0.018,osp,0,0,0,0,0,0,0,0
1127,2026-02-09 18:00:00,CRS-08,L48126,L,298.4,307.8,2580,30.9,51,9.4,8341.1,0.6129,osp,1,0,0,0,0,1,0,0
1128,2026-02-10 00:00:00,BLR-03,M48127,M,299.1,309.9,1168,56.4,20,10.77,6894.2,0.466,tol,0,0,0,0,0,0,0,0
1129,2026-02-10 06:00:00,FAN-07,M48128,M,299.1,309.1,1168,77.0,102,10.04,9418.1,0.9808,tol,1,0,0,1,0,0,1,0
1130,2026-02-10 12:00:00,RMM-04,H48129,H,298.2,309.7,1168,67.9,82,11.49,8299.8,0.8829,tol,1,0,0,0,0,0,1,0
1131,2026-02-10 18:00:00,RMM-04,H48130,H,298.6,309.9,1189,44.2,59,11.29,5502.8,0.0206,tol,1,0,0,0,0,0,0,0
1132,2026-02-11 00:00:00,CRS-08,L48131,L,298.8,309.0,1168,53.4,53,10.2,6529.4,0.2667,tol,0,0,0,0,0,0,0,0
1133,2026-02-11 06:00:00,CRS-08,L48132,L,298.7,308.5,1364,46.1,84,9.74,6589.0,0.0723,hdf,0,0,0,0,0,0,0,0
1134,2026-02-11 12:00:00,CML-05,M48133,M,298.8,309.3,1168,43.6,115,10.51,5335.2,0.0231,tol,0,0,0,0,0,0,0,0
1135,2026-02-11 18:00:00,KLN-01,H48134,H,298.4,308.2,1449,45.9,24,9.82,6970.6,0.0446,tol,0,0,0,0,0,0,0,0
1136,2026-02-12 00:00:00,PKR-09,L48135,L,298.9,308.1,1242,48.1,91,9.23,6256.6,0.2433,hdf,1,0,0,0,0,0,0,0
1137,2026-02-12 06:00:00,CRS-08,L48136,L,298.9,309.0,1857,31.8,39,10.08,6191.1,0.0043,rnf,0,0,0,0,0,0,0,0
1138,2026-02-12 12:00:00,PKR-09,L48137,L,299.1,308.7,1168,58.1,106,9.59,7108.6,0.6235,tol,1,0,0,0,0,0,1,0
1139,2026-02-12 18:00:00,PKR-09,L48138,L,299.4,308.9,1168,56.0,27,9.54,6855.0,0.4916,tol,0,0,0,0,0,0,0,0
1140,2026-02-13 00:00:00,CML-05,M48139,M,298.6,307.4,1747,38.4,101,8.79,7026.4,0.0066,rnf,0,0,0,0,0,0,0,0
1141,2026-02-13 06:00:00,CRS-08,L48140,L,298.1,308.7,1601,36.6,121,10.56,6127.9,0.0054,rnf,0,0,0,0,0,0,0,0
1142,2026-02-13 12:00:00,FAN-07,M48141,M,296.7,305.9,1319,45.2,47,9.18,6246.8,0.2175,hdf,0,0,0,0,0,0,0,0
1143,2026-02-13 18:00:00,FAN-07,M48142,M,297.3,303.8,2531,32.9,42,6.46,8707.7,0.4251,osp,0,0,0,0,0,0,0,0
1144,2026-02-14 00:00:00,CLC-06,M48143,M,296.7,305.4,2277,25.5,39,8.71,6083.6,0.0074,rnf,0,0,0,0,0,0,0,0
1145,2026-02-14 06:00:00,PKR-09,L48144,L,296.9,307.1,1168,55.6,163,10.13,6795.4,0.5658,tol,1,0,0,0,0,0,0,0
1146,2026-02-14 12:00:00,CRS-08,L48145,L,297.4,308.5,2257,35.0,102,11.15,8281.0,0.0108,rnf,0,0,0,0,0,0,0,0
1147,2026-02-14 18:00:00,BLR-03,M48146,M,297.9,302.7,1338,40.2,113,4.76,5631.9,0.7517,hdf,1,0,1,0,0,0,0,0
1148,2026-02-15 00:00:00,BLR-03,M48147,M,297.3,309.3,1168,33.3,28,12.02,4071.6,0.0739,pwf,0,0,0,0,0,0,0,0
1149,2026-02-15 06:00:00,PKR-09,L48148,L,297.4,306.9,1168,54.0,71,9.57,6610.3,0.3562,tol,1,0,0,0,0,0,0,0
1150,2026-02-15 12:00:00,FAN-07,M48149,M,298.7,308.8,1168,49.4,74,10.14,6040.4,0.1033,tol,0,0,0,0,0,0,0,0
1151,2026-02-15 18:00:00,CRS-08,L48150,L,299.9,310.5,1168,37.4,38,10.57,4568.6,0.0132,hdf,0,0,0,0,0,0,0,0
1152,2026-02-16 00:00:00,CML-05,M48151,M,300.6,311.3,1967,27.0,132,10.73,5564.6,0.0041,rnf,0,0,0,0,0,0,0,0
1153,2026-02-16 06:00:00,CRS-08,L48152,L,300.8,311.0,1563,36.2,72,10.27,5920.6,0.0055,rnf,0,0,0,0,0,0,0,0
1154,2026-02-16 12:00:00,PKR-09,L48153,L,300.0,311.0,1536,46.3,16,11.0,7441.5,0.0357,tol,0,0,0,0,0,0,0,0
1155,2026-02-16 18:00:00,CRS-08,L48154,L,300.5,311.0,1537,42.1,125,10.52,6771.4,0.0125,tol,0,0,0,0,0,0,0,0
1156,2026-02-17 00:00:00,CRS-08,L48155,L,300.4,307.9,1557,41.2,57,7.48,6715.9,0.0423,hdf,0,0,0,0,0,0,0,0
1157,2026-02-17 06:00:00,PKR-09,L48156,L,300.7,311.3,1168,42.3,44,10.52,5177.3,0.0183,tol,0,0,0,0,0,0,0,0
1158,2026-02-17 12:00:00,CRS-08,L48157,L,300.3,312.2,1399,48.3,96,11.96,7082.1,0.065,tol,0,0,0,0,0,0,0,0
1159,2026-02-17 18:00:00,PKR-09,L48158,L,300.1,311.0,2249,33.4,149,10.9,7868.3,0.0072,rnf,0,0,0,0,0,0,0,0
1160,2026-02-18 00:00:00,FAN-07,M48159,M,300.2,308.4,1666,48.6,162,8.19,8485.2,0.0928,tol,0,0,0,0,0,0,0,0
1161,2026-02-18 06:00:00,CRS-08,L48160,L,300.4,313.0,2136,29.1,128,12.61,6519.8,0.0043,rnf,0,0,0,0,0,0,0,0
1162,2026-02-18 12:00:00,FAN-07,M48161,M,300.7,310.1,1168,68.1,138,9.43,8328.6,0.9069,tol,1,0,0,0,0,0,1,0
1163,2026-02-18 18:00:00,CLC-06,M48162,M,300.3,311.8,1887,36.9,181,11.5,7288.2,0.0353,twf,0,0,0,0,0,0,0,0
1164,2026-02-19 00:00:00,CRS-08,L48163,L,299.3,309.4,1300,60.4,180,10.03,8226.8,0.961,osf,1,0,0,0,1,0,1,0
1165,2026-02-19 06:00:00,CRS-08,L48164,L,300.5,311.5,1322,46.2,61,11.06,6398.7,0.0362,tol,0,0,0,0,0,0,0,0
1166,2026-02-19 12:00:00,BLR-03,M48165,M,302.1,311.5,1422,35.5,32,9.31,5283.3,0.0756,hdf,0,0,0,0,0,0,0,0
1167,2026-02-19 18:00:00,FAN-07,M48166,M,302.3,308.4,1384,40.1,78,6.13,5809.0,0.5805,hdf,1,0,1,0,0,0,0,0
1168,2026-02-20 00:00:00,PKR-09,L48167,L,301.3,311.0,1179,42.1,236,9.75,5200.7,0.958,twf,1,1,0,0,1,0,0,0
1169,2026-02-20 06:00:00,CML-05,M48168,M,300.7,312.3,1775,29.9,18,11.58,5567.7,0.0041,rnf,0,0,0,0,0,0,0,0
1170,2026-02-20 12:00:00,PKR-09,L48169,L,301.0,311.4,1447,44.8,76,10.44,6793.9,0.0259,tol,0,0,0,0,0,0,0,0
1171,2026-02-20 18:00:00,CRS-08,L48170,L,301.8,312.8,2772,21.9,16,10.94,6345.8,0.8926,osp,1,0,0,0,0,1,0,0
1172,2026-02-21 00:00:00,CML-05,M48171,M,300.9,308.7,1168,59.3,13,7.84,7250.7,0.9483,hdf,0,0,1,0,0,0,1,0
1173,2026-02-21 06:00:00,PKR-09,L48172,L,300.8,310.7,1266,48.7,136,9.91,6457.0,0.1038,tol,0,0,0,0,0,0,0,0
1174,2026-02-21 12:00:00,BLR-03,M48173,M,300.8,311.3,1168,47.0,103,10.41,5752.4,0.0517,tol,0,0,0,0,0,0,0,0
1175,2026-02-21 18:00:00,PKR-09,L48174,L,301.4,311.6,2466,20.9,36,10.22,5397.2,0.1498,osp,1,0,0,0,0,0,0,0
1176,2026-02-22 00:00:00,FAN-07,M48175,M,301.1,312.0,1624,31.3,21,10.96,5321.6,0.0043,rnf,0,0,0,0,0,0,0,0
1177,2026-02-22 06:00:00,PKR-09,L48176,L,299.9,309.6,1168,55.3,167,9.63,6761.8,0.6174,tol,1,0,0,0,0,0,0,0
1178,2026-02-22 12:00:00,CRS-08,L48177,L,300.4,310.4,1168,77.0,26,10.05,9418.1,0.9807,tol,1,0,0,1,0,0,1,0
1179,2026-02-22 18:00:00,CRS-08,L48178,L,301.1,312.3,1506,53.1,19,11.18,8383.2,0.2474,tol,0,0,0,0,0,0,0,0
1180,2026-02-23 00:00:00,CRS-08,L48179,L,301.0,308.7,1305,51.4,27,7.72,7023.3,0.8208,hdf,1,0,1,0,0,0,0,0
1181,2026-02-23 06:00:00,CLC-06,M48180,M,301.2,311.8,1283,45.8,69,10.59,6150.4,0.0352,tol,0,0,0,0,0,0,0,0
1182,2026-02-23 12:00:00,CRS-08,L48181,L,300.8,310.5,1354,30.7,233,9.67,4350.2,0.872,twf,1,1,0,0,0,0,0,0
1183,2026-02-23 18:00:00,CRS-08,L48182,L,300.2,309.3,1168,68.6,77,9.09,8392.6,0.9176,tol,1,0,0,0,0,0,1,0
1184,2026-02-24 00:00:00,CRS-08,L48183,L,300.9,311.2,1728,27.9,135,10.34,5045.4,0.0043,rnf,0,0,0,0,0,0,0,0
1185,2026-02-24 06:00:00,PKR-09,L48184,L,301.1,312.3,2886,20.7,80,11.23,6256.8,0.8997,osp,1,0,0,0,0,1,0,0
1186,2026-02-24 12:00:00,CLC-06,M48185,M,301.3,312.4,1489,26.0,7,11.04,4053.0,0.082,pwf,0,0,0,0,0,0,0,0
1187,2026-02-24 18:00:00,PKR-09,L48186,L,302.3,312.1,1262,43.3,54,9.86,5726.8,0.0518,hdf,0,0,0,0,0,0,0,0
1188,2026-02-25 00:00:00,KLN-02,H48187,H,301.4,312.3,1199,39.4,88,10.88,4942.9,0.0095,rnf,0,0,0,0,0,0,0,0
1189,2026-02-25 06:00:00,PKR-09,L48188,L,301.0,308.1,1333,43.4,223,7.13,6054.9,0.9754,twf,1,1,1,0,1,0,0,0
1190,2026-02-25 12:00:00,CLC-06,M48189,M,301.0,310.9,1634,39.8,30,9.91,6815.9,0.008,rnf,0,0,0,0,0,0,0,0
1191,2026-02-25 18:00:00,CRS-08,L48190,L,300.6,309.9,2506,27.6,101,9.31,7248.7,0.2812,osp,0,0,0,0,0,0,0,0
1192,2026-02-26 00:00:00,CRS-08,L48191,L,301.1,310.4,1737,32.6,56,9.36,5932.2,0.0044,rnf,0,0,0,0,0,0,0,0
1193,2026-02-26 06:00:00,CLC-06,M48192,M,300.9,311.7,1995,33.2,68,10.84,6931.6,0.0044,rnf,0,0,0,0,0,0,0,0
1194,2026-02-26 12:00:00,KLN-01,H48193,H,300.2,310.1,2023,24.5,100,9.96,5200.4,0.0041,rnf,0,0,0,0,0,0,0,0
1195,2026-02-26 18:00:00,CML-05,M48194,M,300.2,309.1,1747,34.5,31,8.95,6304.6,0.0048,rnf,0,0,0,0,0,0,0,0
1196,2026-02-27 00:00:00,PKR-09,L48195,L,300.3,308.6,2886,16.3,95,8.32,4920.6,0.8997,osp,1,0,0,0,0,1,0,0
1197,2026-02-27 06:00:00,CRS-08,L48196,L,300.9,311.7,1320,46.4,142,10.83,6409.8,0.0406,tol,0,0,0,0,0,0,0,0
1198,2026-02-27 12:00:00,CLC-06,M48197,M,301.1,310.6,1256,56.2,251,9.45,7390.9,0.9949,osf,0,1,0,0,1,0,0,0
1199,2026-02-27 18:00:00,PKR-09,L48198,L,301.4,311.7,2100,25.8,113,10.33,5666.7,0.0041,rnf,0,0,0,0,0,0,0,0
1200,2026-02-28 00:00:00,CML-05,M48199,M,301.5,312.7,1882,36.7,65,11.24,7241.0,0.0054,rnf,0,0,0,0,0,0,0,0
1201,2026-02-28 06:00:00,PKR-09,L48200,L,301.3,310.0,1168,60.4,112,8.69,7389.7,0.8676,tol,1,0,1,0,0,0,1,0
1202,2026-02-28 12:00:00,CRS-08,L48201,L,300.7,310.7,1588,29.2,39,9.95,4857.7,0.0051,rnf,0,0,0,0,0,0,0,0
1203,2026-02-28 18:00:00,CML-05,M48202,M,300.9,310.7,1440,44.7,54,9.83,6737.5,0.0368,tol,0,0,0,0,0,0,0,0
1204,2026-03-01 00:00:00,CLC-06,M48203,M,300.6,311.0,1270,41.2,13,10.38,5472.0,0.018,hdf,0,0,0,0,0,0,0,0
1205,2026-03-01 06:00:00,CRS-08,L48204,L,301.7,312.9,1168,52.0,40,11.24,6362.9,0.1829,tol,1,0,0,0,0,0,0,0
1206,2026-03-01 12:00:00,PKR-09,L48205,L,302.5,311.2,1689,43.3,83,8.67,7648.6,0.0169,tol,0,0,0,0,0,0,0,0
1207,2026-03-01 18:00:00,BLR-03,M48206,M,302.8,313.4,1265,35.3,60,10.57,4668.9,0.0109,hdf,0,0,0,0,0,0,0,0
1208,2026-03-02 00:00:00,PKR-09,L48207,L,302.9,311.9,1205,24.1,93,9.04,3040.8,0.922,pwf,0,0,0,1,0,0,0,0
1209,2026-03-02 06:00:00,PKR-09,L48208,L,302.6,312.5,1168,47.7,100,9.81,5834.3,0.0948,tol,0,0,0,0,0,0,0,0
1210,2026-03-02 12:00:00,PKR-09,L48209,L,301.6,311.5,1382,39.0,70,9.86,5644.0,0.0313,hdf,0,0,0,0,0,0,0,0
1211,2026-03-02 18:00:00,BLR-03,M48210,M,301.4,311.8,1847,25.5,61,10.42,4930.3,0.0043,rnf,0,0,0,0,0,0,0,0
1212,2026-03-03 00:00:00,BLR-03,M48211,M,301.4,311.7,1168,49.8,79,10.34,6086.7,0.1064,tol,0,0,0,0,0,0,0,0
1213,2026-03-03 06:00:00,PKR-09,L48212,L,301.4,312.0,1168,62.1,134,10.58,7600.5,0.8076,tol,0,0,0,0,0,0,1,0
1214,2026-03-03 12:00:00,PKR-09,L48213,L,301.7,312.2,2743,30.4,245,10.56,8743.1,0.9887,twf,1,1,0,0,0,1,0,0
1215,2026-03-03 18:00:00,PKR-09,L48214,L,302.2,311.2,1370,36.7,111,9.02,5265.3,0.2238,hdf,0,0,0,0,0,0,0,0
1216,2026-03-04 00:00:00,CRS-08,L48215,L,301.6,312.6,2886,32.8,121,10.99,9906.6,0.9896,osp,1,0,0,1,0,1,0,0
1217,2026-03-04 06:00:00,CRS-08,L48216,L,301.0,312.2,1292,27.3,169,11.17,3689.9,0.4713,pwf,0,0,0,0,0,0,0,0
1218,2026-03-04 12:00:00,CRS-08,L48217,L,302.0,312.1,2001,19.5,39,10.19,4078.5,0.0706,pwf,1,0,0,0,0,0,0,0
1219,2026-03-04 18:00:00,FAN-07,M48218,M,302.4,310.9,2262,33.3,88,8.51,7886.9,0.0071,rnf,0,0,0,0,0,0,0,0
1220,2026-03-05 00:00:00,PKR-09,L48219,L,302.0,311.8,1742,36.1,59,9.89,6582.4,0.0051,rnf,0,0,0,0,0,0,0,0
1221,2026-03-05 06:00:00,CRS-08,L48220,L,301.8,312.0,2539,24.1,171,10.19,6421.1,0.4311,osp,0,0,0,0,0,0,0,0
1222,2026-03-05 12:00:00,CRS-08,L48221,L,301.6,307.0,1487,41.9,28,5.38,6530.4,0.1486,hdf,0,0,0,0,0,0,0,0
1223,2026-03-05 18:00:00,CLC-06,M48222,M,301.5,311.2,1212,52.8,24,9.64,6700.6,0.2758,tol,1,0,0,0,0,0,0,0
1224,2026-03-06 00:00:00,CML-05,M48223,M,301.7,310.3,1235,49.3,122,8.59,6370.5,0.6089,hdf,1,0,1,0,0,0,0,0
1225,2026-03-06 06:00:00,CRS-08,L48224,L,303.4,314.0,2565,19.8,117,10.61,5327.1,0.5433,osp,0,0,0,0,0,1,0,0
1226,2026-03-06 12:00:00,BLR-03,M48225,M,303.3,313.5,2886,19.8,129,10.17,5970.5,0.8997,osp,1,0,0,0,0,1,0,0
1227,2026-03-06 18:00:00,PKR-09,L48226,L,303.5,311.9,1358,47.9,30,8.35,6809.4,0.5645,hdf,0,0,1,0,0,0,0,0
1228,2026-03-07 00:00:00,PKR-09,L48227,L,302.2,312.5,1799,48.1,84,10.35,9056.1,0.4215,pwf,1,0,0,0,0,0,0,0
1229,2026-03-07 06:00:00,KLN-02,H48228,H,301.7,311.7,1743,44.7,56,9.94,8151.3,0.0244,tol,0,0,0,0,0,0,0,0
1230,2026-03-07 12:00:00,PKR-09,L48229,L,302.5,313.0,1168,61.3,16,10.52,7497.4,0.7632,tol,1,0,0,0,0,0,1,0
1231,2026-03-07 18:00:00,PKR-09,L48230,L,302.6,312.2,1168,40.2,151,9.61,4912.5,0.0852,hdf,0,0,0,0,0,0,0,0
1232,2026-03-08 00:00:00,PKR-09,L48231,L,299.5,308.2,2886,4.6,117,8.78,1400.2,0.99,pwf,1,0,0,1,0,1,0,0
1233,2026-03-08 06:00:00,CRS-08,L48232,L,299.9,309.2,1603,28.4,59,9.23,4767.9,0.0075,rnf,0,0,0,0,0,0,0,0
1234,2026-03-08 12:00:00,CML-05,M48233,M,301.2,310.7,1351,45.3,87,9.46,6417.0,0.1134,hdf,0,0,0,0,0,0,0,0
1235,2026-03-08 18:00:00,PKR-09,L48234,L,299.8,307.6,1168,26.0,155,7.78,3176.8,0.9816,pwf,1,0,1,1,0,0,0,0
1236,2026-03-09 00:00:00,CRS-08,L48235,L,300.9,311.0,1966,26.6,192,10.15,5482.4,0.111,twf,0,0,0,0,0,0,0,0
1237,2026-03-09 06:00:00,PKR-09,L48236,L,298.9,308.7,2886,16.4,203,9.81,4959.9,0.9312,osp,1,0,0,0,0,1,0,0
1238,2026-03-09 12:00:00,PKR-09,L48237,L,299.6,309.2,1667,36.1,9,9.58,6303.3,0.0054,rnf,1,0,0,0,0,0,0,0
1239,2026-03-09 18:00:00,PKR-09,L48238,L,299.6,309.3,2408,26.3,30,9.65,6630.1,0.0528,osp,0,0,0,0,0,0,0,0
1240,2026-03-10 00:00:00,PKR-09,L48239,L,298.1,310.6,1168,45.7,32,12.51,5593.0,0.0305,tol,0,0,0,0,0,0,0,0
1241,2026-03-10 06:00:00,BLR-03,M48240,M,298.5,307.7,2710,25.9,240,9.23,7355.9,0.9852,twf,1,1,0,0,0,1,0,0
1242,2026-03-10 12:00:00,CRS-08,L48241,L,299.4,308.8,1463,33.1,174,9.44,5070.2,0.045,hdf,0,0,0,0,0,0,0,0
1243,2026-03-10 18:00:00,CRS-08,L48242,L,299.6,312.9,1957,42.1,74,13.29,8633.2,0.05,pwf,0,0,0,0,0,0,0,0
1244,2026-03-11 00:00:00,CRS-08,L48243,L,300.1,310.5,1305,42.9,123,10.42,5861.6,0.0215,tol,0,0,0,0,0,0,0,0
1245,2026-03-11 06:00:00,PKR-09,L48244,L,299.8,308.4,1946,40.5,64,8.62,8248.7,0.0118,tol,0,0,0,0,0,0,0,0
1246,2026-03-11 12:00:00,CRS-08,L48245,L,298.5,309.4,1287,42.2,57,10.84,5690.6,0.0145,tol,0,0,0,0,0,0,0,0
1247,2026-03-11 18:00:00,CML-05,M48246,M,299.1,308.2,1258,43.1,102,9.09,5676.8,0.2713,hdf,0,0,0,0,0,0,0,0
1248,2026-03-12 00:00:00,CRS-08,L48247,L,300.3,310.2,1453,55.4,128,9.91,8432.6,0.4108,tol,1,0,0,0,0,0,0,0
1249,2026-03-12 06:00:00,CML-05,M48248,M,301.1,310.9,2185,28.6,63,9.79,6552.3,0.0046,rnf,0,0,0,0,0,0,0,0
1250,2026-03-12 12:00:00,RMM-04,H48249,H,299.7,309.2,1514,39.4,82,9.56,6248.5,0.0151,hdf,0,0,0,0,0,0,0,0
1251,2026-03-12 18:00:00,CRS-08,L48250,L,298.7,310.3,1564,32.8,167,11.61,5375.0,0.0099,twf,0,0,0,0,0,0,0,0
1252,2026-03-13 00:00:00,PKR-09,L48251,L,298.2,308.7,1168,62.7,58,10.57,7671.1,0.8097,tol,1,0,0,0,0,0,1,0
1253,2026-03-13 06:00:00,CRS-08,L48252,L,297.2,308.2,2886,25.2,53,10.97,7604.7,0.8997,osp,1,0,0,0,0,1,0,0
1254,2026-03-13 12:00:00,FAN-07,M48253,M,297.4,307.8,2181,25.1,133,10.43,5743.3,0.0046,rnf,0,0,0,0,0,0,0,0
1255,2026-03-13 18:00:00,PKR-09,L48254,L,297.8,307.4,1168,41.1,80,9.56,5024.7,0.0966,hdf,0,0,0,0,0,0,0,0
1256,2026-03-14 00:00:00,CML-05,M48255,M,297.0,307.6,1668,36.7,5,10.61,6404.5,0.0053,rnf,0,0,0,0,0,0,0,0
1257,2026-03-14 06:00:00,FAN-07,M48256,M,297.7,306.9,1377,51.8,75,9.17,7472.7,0.2994,tol,0,0,0,0,0,0,0,0
1258,2026-03-14 12:00:00,CML-05,M48257,M,298.2,308.4,1616,36.6,65,10.13,6196.2,0.0055,rnf,0,0,0,0,0,0,0,0
1259,2026-03-14 18:00:00,PKR-09,L48258,L,298.0,309.8,1253,37.4,135,11.8,4909.7,0.0063,rnf,0,0,0,0,0,0,0,0
1260,2026-03-15 00:00:00,RMM-04,H48259,H,298.0,308.8,1168,49.0,56,10.85,5988.5,0.0797,tol,0,0,0,0,0,0,0,0
1261,2026-03-15 06:00:00,CRS-08,L48260,L,296.8,307.0,1168,59.9,49,10.21,7328.7,0.7033,tol,1,0,0,0,0,0,1,0
1262,2026-03-15 12:00:00,CRS-08,L48261,L,296.7,307.0,1352,55.5,38,10.25,7856.3,0.4048,tol,1,0,0,0,0,0,0,0
1263,2026-03-15 18:00:00,PKR-09,L48262,L,296.9,307.1,1168,64.2,26,10.14,7847.1,0.8441,tol,1,0,0,0,0,0,1,0
1264,2026-03-16 00:00:00,KLN-02,H48263,H,297.2,306.0,1168,39.5,45,8.75,4825.9,0.4857,hdf,1,0,0,0,0,0,0,0
1265,2026-03-16 06:00:00,PKR-09,L48264,L,297.7,307.6,1675,42.0,128,9.91,7367.9,0.0121,tol,0,0,0,0,0,0,0,0
1266,2026-03-16 12:00:00,CLC-06,M48265,M,298.0,308.2,1417,41.6,126,10.22,6177.5,0.0171,tol,0,0,0,0,0,0,0,0
1267,2026-03-16 18:00:00,CRS-08,L48266,L,297.9,307.5,1700,30.7,65,9.58,5460.1,0.0043,rnf,0,0,0,0,0,0,0,0
1268,2026-03-17 00:00:00,KLN-01,H48267,H,298.2,308.6,1168,50.3,18,10.34,6152.6,0.1226,tol,0,0,0,0,0,0,0,0
1269,2026-03-17 06:00:00,PKR-09,L48268,L,299.0,309.0,1168,42.3,10,10.02,5170.5,0.0363,hdf,0,0,0,0,0,0,0,0
1270,2026-03-17 12:00:00,CRS-08,L48269,L,299.0,309.8,1771,39.5,14,10.77,7327.3,0.0074,rnf,0,0,0,0,0,0,0,0
1271,2026-03-17 18:00:00,RMM-04,H48270,H,299.3,309.9,2886,16.8,112,10.66,5075.5,0.8997,osp,1,0,0,0,0,1,0,0
1272,2026-03-18 00:00:00,CRS-08,L48271,L,299.2,309.4,1546,40.7,161,10.17,6588.0,0.0142,tol,0,0,0,0,0,0,0,0
1273,2026-03-18 06:00:00,PKR-09,L48272,L,298.8,307.4,2886,19.2,96,8.63,5795.0,0.8997,osp,1,0,0,0,0,1,0,0
1274,2026-03-18 12:00:00,PKR-09,L48273,L,299.2,311.0,2662,26.8,134,11.79,7468.4,0.8282,osp,1,0,0,0,0,1,0,0
1275,2026-03-18 18:00:00,CRS-08,L48274,L,298.9,308.8,1536,33.8,221,9.86,5436.4,0.7568,twf,1,1,0,0,0,0,0,0
1276,2026-03-19 00:00:00,CRS-08,L48275,L,299.2,306.7,1274,43.2,111,7.46,5755.7,0.8447,hdf,1,0,1,0,0,0,0,0
1277,2026-03-19 06:00:00,PKR-09,L48276,L,299.3,309.0,1168,60.7,79,9.66,7422.5,0.7535,tol,0,0,0,0,0,0,1,0
1278,2026-03-19 12:00:00,CRS-08,L48277,L,299.1,308.6,1594,46.3,48,9.51,7726.1,0.0375,tol,0,0,0,0,0,0,0,0
1279,2026-03-19 18:00:00,BLR-03,M48278,M,299.0,310.5,1168,39.4,179,11.54,4820.0,0.0319,twf,0,0,0,0,0,0,0,0
1280,2026-03-20 00:00:00,CRS-08,L48279,L,298.7,310.1,1168,62.3,103,11.39,7623.0,0.7978,tol,1,0,0,0,0,0,1,0
1281,2026-03-20 06:00:00,PKR-09,L48280,L,297.6,305.7,1324,52.3,65,8.09,7248.1,0.7563,hdf,0,0,1,0,0,0,0,0
1282,2026-03-20 12:00:00,PKR-09,L48281,L,298.0,307.9,1168,59.8,101,9.89,7314.8,0.704,tol,1,0,0,0,0,0,1,0
1283,2026-03-20 18:00:00,PKR-09,L48282,L,298.3,308.9,2443,31.9,70,10.62,8172.9,0.1011,osp,0,0,0,0,0,0,0,0
1284,2026-03-21 00:00:00,FAN-07,M48283,M,299.0,309.1,1541,31.2,99,10.07,5038.4,0.0054,rnf,0,0,0,0,0,0,0,0
1285,2026-03-21 06:00:00,RMM-04,H48284,H,298.7,308.5,2865,25.7,29,9.81,7706.5,0.8993,osp,1,0,0,0,0,1,0,0
1286,2026-03-21 12:00:00,RMM-04,H48285,H,300.1,310.4,1452,40.0,26,10.34,6077.3,0.0107,rnf,0,0,0,0,0,0,0,0
1287,2026-03-21 18:00:00,PKR-09,L48286,L,299.8,309.4,1638,42.4,39,9.56,7276.0,0.0135,tol,0,0,0,0,0,0,0,0
1288,2026-03-22 00:00:00,PKR-09,L48287,L,299.2,309.5,1785,37.3,58,10.25,6964.5,0.0056,rnf,0,0,0,0,0,0,0,0
1289,2026-03-22 06:00:00,PKR-09,L48288,L,298.6,308.8,1276,33.4,26,10.2,4469.0,0.0232,hdf,0,0,0,0,0,0,0,0
1290,2026-03-22 12:00:00,CRS-08,L48289,L,297.5,308.1,1168,57.8,148,10.6,7073.1,0.6204,tol,0,0,0,0,0,0,1,0
1291,2026-03-22 18:00:00,CRS-08,L48290,L,298.7,308.1,2474,27.9,14,9.38,7228.9,0.1707,osp,0,0,0,0,0,0,0,0
1292,2026-03-23 00:00:00,BLR-03,M48291,M,299.7,307.9,1824,43.1,187,8.21,8223.1,0.0825,twf,0,0,0,0,0,0,0,0
1293,2026-03-23 06:00:00,CRS-08,L48292,L,300.1,309.2,1191,45.8,109,9.09,5706.5,0.2876,hdf,0,0,0,0,0,0,0,0
1294,2026-03-23 12:00:00,CRS-08,L48293,L,299.5,308.9,1728,22.6,30,9.43,4094.9,0.0642,pwf,0,0,0,0,0,0,0,0
1295,2026-03-23 18:00:00,PKR-09,L48294,L,300.8,310.2,2116,30.9,55,9.47,6837.3,0.0043,rnf,0,0,0,0,0,0,0,0
1296,2026-03-24 00:00:00,PKR-09,L48295,L,300.5,309.4,1827,32.7,34,8.93,6259.8,0.0044,rnf,0,0,0,0,0,0,0,0
1297,2026-03-24 06:00:00,CRS-08,L48296,L,300.3,311.3,1168,46.2,111,11.02,5652.1,0.0364,tol,0,0,0,0,0,0,0,0
1298,2026-03-24 12:00:00,PKR-09,L48297,L,301.2,310.3,1490,36.0,158,9.03,5609.8,0.0509,hdf,0,0,0,0,0,0,0,0
1299,2026-03-24 18:00:00,FAN-07,M48298,M,301.6,310.9,1514,39.1,253,9.3,6193.9,0.9187,twf,1,1,0,0,0,0,0,0
1300,2026-03-25 00:00:00,CRS-08,L48299,L,303.0,314.2,2122,24.0,92,11.26,5326.7,0.0042,rnf,0,0,0,0,0,0,0,0
1301,2026-03-25 06:00:00,CRS-08,L48300,L,303.0,312.4,1168,65.6,15,9.43,8021.9,0.8796,tol,1,0,0,0,0,0,1,0
1302,2026-03-25 12:00:00,PKR-09,L48301,L,302.5,312.3,1168,40.8,28,9.81,4988.3,0.0525,hdf,0,0,0,0,0,0,0,0
1303,2026-03-25 18:00:00,FAN-07,M48302,M,302.0,311.0,1505,66.0,121,8.99,10403.2,0.9873,pwf,1,0,0,1,0,0,1,0
1304,2026-03-26 00:00:00,CRS-08,L48303,L,300.6,311.4,1690,34.1,56,10.83,6025.3,0.0046,rnf,0,0,0,0,0,0,0,0
1305,2026-03-26 06:00:00,CLC-06,M48304,M,300.4,309.0,1168,46.6,144,8.64,5701.5,0.569,hdf,1,0,1,0,0,0,0,0
1306,2026-03-26 12:00:00,KLN-02,H48305,H,301.1,311.9,1168,55.7,100,10.74,6811.0,0.4156,tol,1,0,0,0,0,0,0,0
1307,2026-03-26 18:00:00,PKR-09,L48306,L,301.5,312.0,2886,18.9,30,10.54,5716.8,0.8997,osp,1,0,0,0,0,1,0,0
1308,2026-03-27 00:00:00,FAN-07,M48307,M,301.4,311.5,1482,43.1,42,10.07,6684.6,0.0185,tol,0,0,0,0,0,0,0,0
1309,2026-03-27 06:00:00,CRS-08,L48308,L,300.6,310.1,2886,7.1,208,9.48,2144.8,0.9945,pwf,1,0,0,1,0,1,0,0
1310,2026-03-27 12:00:00,KLN-02,H48309,H,300.7,309.9,1168,54.7,88,9.19,6687.8,0.4848,tol,0,0,0,0,0,0,0,0
1311,2026-03-27 18:00:00,CRS-08,L48310,L,301.4,312.7,1746,42.7,156,11.29,7803.1,0.0176,tol,0,0,0,0,0,0,0,0
1312,2026-03-28 00:00:00,RMM-04,H48311,H,301.6,312.4,2045,29.2,14,10.76,6242.4,0.0041,rnf,0,0,0,0,0,0,0,0
1313,2026-03-28 06:00:00,PKR-09,L48312,L,301.6,310.9,1347,40.4,32,9.31,5696.9,0.1403,hdf,0,0,0,0,0,0,0,0
1314,2026-03-28 12:00:00,PKR-09,L48313,L,301.0,311.0,2886,3.6,206,10.04,1075.0,0.9939,pwf,1,0,0,1,0,1,0,0
1315,2026-03-28 18:00:00,PKR-09,L48314,L,301.5,305.8,2886,12.6,69,4.27,3818.2,0.9279,osp,1,0,0,0,0,1,0,0
1316,2026-03-29 00:00:00,FAN-07,M48315,M,299.3,308.2,1886,39.0,89,8.87,7704.8,0.007,rnf,0,0,0,0,0,0,0,0
1317,2026-03-29 06:00:00,PKR-09,L48316,L,299.6,309.8,2886,8.4,127,10.18,2546.7,0.9899,pwf,1,0,0,1,0,1,0,0
1318,2026-03-29 12:00:00,PKR-09,L48317,L,301.4,310.9,1315,56.6,69,9.58,7801.4,0.5229,tol,1,0,0,0,0,0,0,0
1319,2026-03-29 18:00:00,CLC-06,M48318,M,300.3,309.3,1844,33.5,37,9.05,6459.8,0.0045,rnf,0,0,0,0,0,0,0,0
1320,2026-03-30 00:00:00,CML-05,M48319,M,300.1,308.6,1652,37.4,26,8.52,6468.9,0.0085,rnf,0,0,0,0,0,0,0,0
1321,2026-03-30 06:00:00,CRS-08,L48320,L,300.1,308.5,1844,44.5,136,8.44,8597.0,0.0524,pwf,0,0,0,0,0,0,0,0
1322,2026-03-30 12:00:00,CRS-08,L48321,L,299.8,309.4,1958,39.1,136,9.63,8015.7,0.0079,rnf,0,0,0,0,0,0,0,0
1323,2026-03-30 18:00:00,PKR-09,L48322,L,300.5,310.4,1174,61.5,82,9.91,7562.8,0.7784,tol,1,0,0,0,0,0,1,0
1324,2026-03-31 00:00:00,FAN-07,M48323,M,300.8,308.4,1168,67.2,6,7.68,8219.8,0.9834,tol,1,0,1,0,0,0,1,0
1325,2026-03-31 06:00:00,CRS-08,L48324,L,300.8,311.5,1718,48.2,58,10.65,8671.7,0.1082,tol,0,0,0,0,0,0,0,0
1326,2026-03-31 12:00:00,CLC-06,M48325,M,301.3,311.2,1168,52.0,25,9.93,6356.3,0.205,tol,0,0,0,0,0,0,0,0
1327,2026-03-31 18:00:00,CRS-08,L48326,L,301.2,310.9,1168,58.9,113,9.71,7201.9,0.662,tol,0,0,0,0,0,0,1,0
1328,2026-04-01 00:00:00,PKR-09,L48327,L,303.3,313.1,2029,24.5,63,9.82,5207.4,0.0041,rnf,0,0,0,0,0,0,0,0
1329,2026-04-01 06:00:00,PKR-09,L48328,L,303.2,312.4,1168,57.3,37,9.21,7005.2,0.6276,tol,1,0,0,0,0,0,1,0
1330,2026-04-01 12:00:00,CRS-08,L48329,L,303.2,313.3,1168,48.7,48,10.11,5958.6,0.0894,tol,0,0,0,0,0,0,0,0
1331,2026-04-01 18:00:00,CML-05,M48330,M,301.8,310.6,2512,32.1,155,8.74,8442.7,0.3137,osp,0,0,0,0,0,0,0,0
1332,2026-04-02 00:00:00,CRS-08,L48331,L,301.3,311.9,1168,43.9,87,10.54,5363.9,0.0237,tol,0,0,0,0,0,0,0,0
1333,2026-04-02 06:00:00,CRS-08,L48332,L,302.0,310.9,2886,20.0,26,8.83,6033.7,0.8997,osp,1,0,0,0,0,1,0,0
1334,2026-04-02 12:00:00,KLN-02,H48333,H,301.0,311.9,1475,43.2,14,10.92,6676.7,0.016,tol,0,0,0,0,0,0,0,0
1335,2026-04-02 18:00:00,KLN-01,H48334,H,299.5,309.1,2886,23.0,119,9.66,6956.8,0.8997,osp,0,0,0,0,0,1,0,0
1336,2026-04-03 00:00:00,FAN-07,M48335,M,299.5,310.6,2056,22.1,31,11.06,4762.0,0.0048,rnf,0,0,0,0,0,0,0,0
1337,2026-04-03 06:00:00,PKR-09,L48336,L,300.5,306.5,1789,42.1,139,6.04,7889.8,0.0132,tol,0,0,0,0,0,0,0,0
1338,2026-04-03 12:00:00,CRS-08,L48337,L,300.5,309.2,1209,43.6,59,8.73,5518.5,0.5004,hdf,0,0,0,0,0,0,0,0
1339,2026-04-03 18:00:00,FAN-07,M48338,M,300.2,310.6,1497,39.9,28,10.38,6259.0,0.009,rnf,0,0,0,0,0,0,0,0
1340,2026-04-04 00:00:00,CRS-08,L48339,L,299.0,310.1,1517,26.7,110,11.17,4245.3,0.0272,pwf,0,0,0,0,0,0,0,0
1341,2026-04-04 06:00:00,CRS-08,L48340,L,299.3,311.0,1241,42.0,58,11.67,5461.3,0.012,tol,0,0,0,0,0,0,0,0
1342,2026-04-04 12:00:00,BLR-03,M48341,M,299.8,309.9,1709,30.1,6,10.04,5377.9,0.0042,rnf,0,0,0,0,0,0,0,0
1343,2026-04-04 18:00:00,PKR-09,L48342,L,298.6,310.5,1168,49.9,34,11.84,6101.6,0.1015,tol,0,0,0,0,0,0,0,0
1344,2026-04-05 00:00:00,CRS-08,L48343,L,299.5,309.2,2886,25.4,235,9.71,7665.4,0.987,osp,1,1,0,0,0,1,0,0
1345,2026-04-05 06:00:00,KLN-01,H48344,H,300.0,311.1,1422,54.6,193,11.1,8129.7,0.4777,tol,0,0,0,0,0,0,0,0
1346,2026-04-05 12:00:00,CML-05,M48345,M,300.8,309.8,2187,26.8,31,9.06,6147.1,0.0046,rnf,0,0,0,0,0,0,0,0
1347,2026-04-05 18:00:00,PKR-09,L48346,L,301.1,311.6,1449,55.0,136,10.42,8346.4,0.3764,tol,0,0,0,0,0,0,0,0
1348,2026-04-06 00:00:00,PKR-09,L48347,L,301.5,309.2,1209,59.0,147,7.66,7464.2,0.9569,hdf,1,0,1,0,0,0,1,0
1349,2026-04-06 06:00:00,CRS-08,L48348,L,301.8,310.7,1399,50.7,23,8.88,7424.5,0.3214,hdf,0,0,0,0,0,0,0,0
1350,2026-04-06 12:00:00,CRS-08,L48349,L,302.3,312.7,1287,31.2,102,10.47,4208.5,0.0395,pwf,0,0,0,0,0,0,0,0
1351,2026-04-06 18:00:00,BLR-03,M48350,M,300.9,309.6,1539,34.0,40,8.69,5479.5,0.0326,hdf,0,0,0,0,0,0,0,0
1352,2026-04-07 00:00:00,BLR-03,M48351,M,299.8,308.7,2253,29.1,57,8.88,6870.6,0.0061,rnf,0,0,0,0,0,0,0,0
1353,2026-04-07 06:00:00,PKR-09,L48352,L,299.3,310.2,1871,32.8,116,10.91,6423.3,0.0044,rnf,0,0,0,0,0,0,0,0
1354,2026-04-07 12:00:00,CRS-08,L48353,L,299.3,306.9,1924,24.6,50,7.65,4958.8,0.0042,rnf,0,0,0,0,0,0,0,0
1355,2026-04-07 18:00:00,BLR-03,M48354,M,299.6,308.6,1772,38.5,42,9.03,7141.8,0.0065,rnf,0,0,0,0,0,0,0,0
1356,2026-04-08 00:00:00,CRS-08,L48355,L,299.8,309.4,1168,47.0,94,9.53,5744.4,0.1341,hdf,1,0,0,0,0,0,0,0
1357,2026-04-08 06:00:00,PKR-09,L48356,L,300.6,309.6,1541,31.4,142,9.03,5060.7,0.0201,hdf,0,0,0,0,0,0,0,0
1358,2026-04-08 12:00:00,PKR-09,L48357,L,301.3,311.2,1615,39.0,91,9.9,6598.1,0.0072,rnf,0,0,0,0,0,0,0,0
1359,2026-04-08 18:00:00,CLC-06,M48358,M,300.7,310.8,1528,37.6,43,10.1,6013.5,0.0071,rnf,0,0,0,0,0,0,0,0
1360,2026-04-09 00:00:00,PKR-09,L48359,L,300.8,310.5,1168,51.6,132,9.69,6312.1,0.2165,tol,0,0,0,0,0,0,0,0
1361,2026-04-09 06:00:00,CLC-06,M48360,M,300.2,311.8,1529,33.3,70,11.67,5328.8,0.0045,rnf,0,0,0,0,0,0,0,0
1362,2026-04-09 12:00:00,PKR-09,L48361,L,300.0,309.3,1334,33.7,162,9.28,4705.1,0.1558,hdf,0,0,0,0,0,0,0,0
1363,2026-04-09 18:00:00,CML-05,M48362,M,300.2,311.6,1719,30.7,163,11.39,5524.8,0.0074,rnf,0,0,0,0,0,0,0,0
1364,2026-04-10 00:00:00,PKR-09,L48363,L,297.9,306.9,1168,23.7,123,8.96,2903.5,0.9319,pwf,1,0,0,1,0,0,0,0
1365,2026-04-10 06:00:00,PKR-09,L48364,L,299.7,309.8,1314,45.8,155,10.07,6303.4,0.0562,tol,0,0,0,0,0,0,0,0
1366,2026-04-10 12:00:00,CRS-08,L48365,L,300.1,311.3,2886,3.0,253,11.18,906.7,0.999,pwf,1,1,0,1,0,1,0,0
1367,2026-04-10 18:00:00,CRS-08,L48366,L,299.7,310.8,1560,40.6,60,11.13,6633.5,0.009,tol,0,0,0,0,0,0,0,0
1368,2026-04-11 00:00:00,PKR-09,L48367,L,301.0,310.6,1168,54.0,158,9.58,6607.5,0.4237,tol,1,0,0,0,0,0,0,0
1369,2026-04-11 06:00:00,CRS-08,L48368,L,300.7,311.3,1168,54.7,69,10.56,6684.7,0.3425,tol,1,0,0,0,0,0,0,0
1370,2026-04-11 12:00:00,CRS-08,L48369,L,300.8,311.2,2886,3.3,201,10.42,991.1,0.9926,pwf,1,0,0,1,0,1,0,0
1371,2026-04-11 18:00:00,PKR-09,L48370,L,300.4,309.8,1168,47.1,64,9.46,5764.1,0.1528,hdf,0,0,0,0,0,0,0,0
1372,2026-04-12 00:00:00,RMM-04,H48371,H,301.5,312.1,1168,42.5,12,10.62,5196.1,0.0174,tol,0,0,0,0,0,0,0,0
1373,2026-04-12 06:00:00,CRS-08,L48372,L,301.3,313.2,1316,33.8,253,11.86,4653.0,0.9084,twf,1,1,0,0,0,0,0,0
1374,2026-04-12 12:00:00,CLC-06,M48373,M,301.3,311.8,1168,52.6,155,10.47,6433.1,0.2226,tol,0,0,0,0,0,0,0,0
1375,2026-04-12 18:00:00,RMM-04,H48374,H,302.1,312.6,2886,22.1,86,10.57,6689.2,0.8997,osp,1,0,0,0,0,1,0,0
1376,2026-04-13 00:00:00,CRS-08,L48375,L,302.3,313.0,1168,68.7,215,10.67,8397.6,0.9959,osf,1,1,0,0,1,0,1,0
1377,2026-04-13 06:00:00,CLC-06,M48376,M,302.2,310.7,1481,50.5,253,8.54,7827.4,0.9912,twf,1,1,0,0,1,0,0,0
1378,2026-04-13 12:00:00,CML-05,M48377,M,302.8,313.2,2488,30.5,50,10.46,7941.0,0.2128,osp,0,0,0,0,0,0,0,0
1379,2026-04-13 18:00:00,CLC-06,M48378,M,304.3,313.3,1629,33.6,53,8.98,5723.6,0.007,rnf,0,0,0,0,0,0,0,0
1380,2026-04-14 00:00:00,CRS-08,L48379,L,304.3,311.6,2886,5.2,160,7.35,1577.3,0.99,pwf,1,0,0,1,0,1,0,0
1381,2026-04-14 06:00:00,PKR-09,L48380,L,304.1,316.3,2521,31.8,138,12.16,8398.1,0.3486,osp,0,0,0,0,0,0,0,0
1382,2026-04-14 12:00:00,CRS-08,L48381,L,304.0,313.7,1168,48.7,199,9.75,5959.6,0.6853,osf,0,0,0,0,1,0,0,0
1383,2026-04-14 18:00:00,PKR-09,L48382,L,304.6,313.9,2194,25.4,60,9.26,5840.1,0.0046,rnf,0,0,0,0,0,0,0,0
1384,2026-04-15 00:00:00,KLN-02,H48383,H,303.9,315.1,1168,48.5,16,11.15,5937.5,0.0696,tol,0,0,0,0,0,0,0,0
1385,2026-04-15 06:00:00,RMM-04,H48384,H,303.5,312.6,1168,54.0,93,9.05,6610.4,0.5007,tol,1,0,0,0,0,0,0,0
1386,2026-04-15 12:00:00,PKR-09,L48385,L,302.3,311.8,2886,14.3,210,9.55,4317.1,0.9511,osp,1,1,0,0,0,1,0,0
1387,2026-04-15 18:00:00,CML-05,M48386,M,301.3,312.6,1168,47.9,187,11.25,5854.4,0.1448,twf,0,0,0,0,0,0,0,0
1388,2026-04-16 00:00:00,CRS-08,L48387,L,300.9,310.9,1168,44.8,35,10.04,5477.8,0.0456,hdf,0,0,0,0,0,0,0,0
1389,2026-04-16 06:00:00,KLN-02,H48388,H,300.8,309.2,1168,77.0,99,8.44,9418.1,0.9934,tol,1,0,1,1,0,0,1,0
1390,2026-04-16 12:00:00,PKR-09,L48389,L,302.0,312.5,2886,18.5,36,10.54,5586.2,0.8997,osp,1,0,0,0,0,1,0,0
1391,2026-04-16 18:00:00,RMM-04,H48390,H,302.2,311.8,1168,60.2,105,9.6,7361.9,0.735,tol,1,0,0,0,0,0,1,0
1392,2026-04-17 00:00:00,CLC-06,M48391,M,301.5,313.0,1714,36.7,64,11.54,6594.1,0.0054,rnf,0,0,0,0,0,0,0,0
1393,2026-04-17 06:00:00,PKR-09,L48392,L,300.9,310.3,1233,42.7,15,9.39,5519.4,0.1432,hdf,1,0,0,0,0,0,0,0
1394,2026-04-17 12:00:00,CRS-08,L48393,L,301.8,312.8,1412,40.1,144,11.05,5929.0,0.0094,tol,0,0,0,0,0,0,0,0
1395,2026-04-17 18:00:00,FAN-07,M48394,M,302.4,314.2,1168,42.3,100,11.78,5175.5,0.0129,tol,0,0,0,0,0,0,0,0
1396,2026-04-18 00:00:00,CRS-08,L48395,L,302.3,311.4,2886,20.3,209,9.15,6134.7,0.9476,osp,1,0,0,0,0,1,0,0
1397,2026-04-18 06:00:00,CRS-08,L48396,L,301.8,311.7,1258,47.3,24,9.81,6233.8,0.0889,tol,0,0,0,0,0,0,0,0
1398,2026-04-18 12:00:00,KLN-02,H48397,H,302.5,312.9,1527,50.6,66,10.39,8100.4,0.1271,tol,1,0,0,0,0,0,0,0
1399,2026-04-18 18:00:00,CRS-08,L48398,L,301.7,310.8,1168,68.1,128,9.14,8327.0,0.9249,tol,1,0,0,0,0,0,1,0
1400,2026-04-19 00:00:00,CRS-08,L48399,L,301.8,312.1,1396,35.7,65,10.27,5224.8,0.0118,hdf,0,0,0,0,0,0,0,0
1401,2026-04-19 06:00:00,CRS-08,L48400,L,303.3,313.0,1168,43.6,56,9.78,5327.7,0.0644,hdf,0,0,0,0,0,0,0,0
1402,2026-04-19 12:00:00,CRS-08,L48401,L,303.2,313.0,1168,71.1,155,9.75,8699.0,0.9871,tol,1,0,0,0,1,0,1,0
1403,2026-04-19 18:00:00,KLN-01,H48402,H,302.5,310.7,2152,44.4,57,8.19,10011.3,0.9001,pwf,1,0,0,1,0,0,0,0
1404,2026-04-20 00:00:00,CRS-08,L48403,L,302.6,312.7,1303,39.3,26,10.07,5355.0,0.0262,hdf,0,0,0,0,0,0,0,0
1405,2026-04-20 06:00:00,PKR-09,L48404,L,302.1,312.3,2131,29.1,127,10.16,6503.5,0.0043,rnf,0,0,0,0,0,0,0,0
1406,2026-04-20 12:00:00,CRS-08,L48405,L,301.1,310.5,1267,56.8,23,9.4,7535.7,0.561,tol,1,0,0,0,0,0,0,0
1407,2026-04-20 18:00:00,RMM-04,H48406,H,301.5,310.9,2590,27.2,47,9.44,7390.7,0.648,osp,0,0,0,0,0,1,0,0
1408,2026-04-21 00:00:00,PKR-09,L48407,L,302.2,312.0,2097,40.4,225,9.88,8866.1,0.8797,twf,1,1,0,0,0,0,0,0
1409,2026-04-21 06:00:00,CML-05,M48408,M,301.8,311.8,1168,34.8,92,9.96,4255.4,0.0545,hdf,0,0,0,0,0,0,0,0
1410,2026-04-21 12:00:00,FAN-07,M48409,M,301.4,311.0,1168,37.9,15,9.56,4637.8,0.0934,hdf,0,0,0,0,0,0,0,0
1411,2026-04-21 18:00:00,BLR-03,M48410,M,300.7,311.0,2208,24.3,5,10.32,5626.9,0.0048,rnf,0,0,0,0,0,0,0,0
1412,2026-04-22 00:00:00,KLN-01,H48411,H,300.6,304.0,1168,68.2,14,3.4,8347.0,0.988,hdf,1,0,1,0,0,0,1,0
1413,2026-04-22 06:00:00,FAN-07,M48412,M,300.2,309.4,1323,36.9,142,9.27,5120.2,0.1626,hdf,0,0,0,0,0,0,0,0
1414,2026-04-22 12:00:00,KLN-02,H48413,H,299.5,309.2,1893,26.6,11,9.72,5280.9,0.0041,rnf,0,0,0,0,0,0,0,0
1415,2026-04-22 18:00:00,PKR-09,L48414,L,300.8,309.9,1168,53.8,197,9.14,6577.9,0.9178,osf,1,0,0,0,1,0,0,0
1416,2026-04-23 00:00:00,FAN-07,M48415,M,301.0,312.7,2642,25.9,149,11.63,7165.8,0.796,osp,1,0,0,0,0,1,0,0
1417,2026-04-23 06:00:00,CRS-08,L48416,L,301.4,311.4,1465,39.3,88,10.02,6030.8,0.0127,hdf,1,0,0,0,0,0,0,0
1418,2026-04-23 12:00:00,CRS-08,L48417,L,301.9,311.8,1168,49.3,9,9.89,6024.6,0.1167,tol,0,0,0,0,0,0,0,0
1419,2026-04-23 18:00:00,FAN-07,M48418,M,302.3,309.3,2111,46.2,85,7.05,10205.4,0.9029,pwf,1,0,0,1,0,0,0,0
1420,2026-04-24 00:00:00,KLN-01,H48419,H,301.9,311.9,2886,15.8,31,9.98,4786.3,0.8997,osp,0,0,0,0,0,1,0,0
1421,2026-04-24 06:00:00,CML-05,M48420,M,301.9,310.7,1808,47.6,133,8.78,9020.6,0.3691,pwf,1,0,0,0,0,0,0,0
1422,2026-04-24 12:00:00,CRS-08,L48421,L,301.6,311.5,1633,59.5,186,9.83,10179.4,0.9959,pwf,1,0,0,1,1,0,1,0
1423,2026-04-24 18:00:00,CRS-08,L48422,L,301.8,310.9,1347,58.8,98,9.06,8301.6,0.7217,tol,1,0,0,0,0,0,1,0
1424,2026-04-25 00:00:00,CRS-08,L48423,L,302.0,311.7,1895,38.8,56,9.72,7697.9,0.0068,rnf,0,0,0,0,0,0,0,0
1425,2026-04-25 06:00:00,CRS-08,L48424,L,301.6,309.0,2886,6.8,149,7.44,2046.8,0.99,pwf,1,0,0,1,0,1,0,0
1426,2026-04-25 12:00:00,PKR-09,L48425,L,300.6,309.5,1253,42.1,62,8.87,5525.6,0.398,hdf,1,0,0,0,0,0,0,0
1427,2026-04-25 18:00:00,CRS-08,L48426,L,300.7,312.1,1867,25.0,223,11.46,4885.7,0.7813,twf,1,1,0,0,0,0,0,0
1428,2026-04-26 00:00:00,PKR-09,L48427,L,300.5,311.3,1269,36.9,14,10.83,4899.7,0.0079,rnf,0,0,0,0,0,0,0,0
1429,2026-04-26 06:00:00,FAN-07,M48428,M,299.2,310.5,1375,41.7,43,11.32,6005.3,0.0115,tol,0,0,0,0,0,0,0,0
1430,2026-04-26 12:00:00,PKR-09,L48429,L,299.6,307.1,1168,51.8,98,7.52,6337.6,0.8968,hdf,1,0,1,0,0,0,0,0
1431,2026-04-26 18:00:00,KLN-02,H48430,H,300.2,310.9,1251,31.0,63,10.67,4057.5,0.0831,pwf,0,0,0,0,0,0,0,0
1432,2026-04-27 00:00:00,CML-05,M48431,M,301.9,311.5,2761,36.7,233,9.55,10600.0,0.9985,pwf,1,1,0,1,0,1,0,0
1433,2026-04-27 06:00:00,PKR-09,L48432,L,301.6,310.5,1168,50.4,36,8.96,6166.4,0.4202,hdf,0,0,0,0,0,0,0,0
1434,2026-04-27 12:00:00,PKR-09,L48433,L,301.1,312.2,1647,35.3,3,11.15,6085.8,0.0048,rnf,0,0,0,0,0,0,0,0
1435,2026-04-27 18:00:00,PKR-09,L48434,L,300.3,310.3,1801,27.8,129,10.06,5244.5,0.0042,rnf,0,0,0,0,0,0,0,0
1436,2026-04-28 00:00:00,KLN-01,H48435,H,300.4,312.9,2249,24.1,55,12.49,5681.3,0.0059,rnf,0,0,0,0,0,0,0,0
1437,2026-04-28 06:00:00,PKR-09,L48436,L,300.5,310.2,1237,43.0,130,9.63,5570.8,0.0837,hdf,0,0,0,0,0,0,0,0
1438,2026-04-28 12:00:00,CRS-08,L48437,L,299.9,311.9,2886,4.0,101,11.97,1197.8,0.99,pwf,1,0,0,1,0,1,0,0
1439,2026-04-28 18:00:00,KLN-02,H48438,H,299.8,309.7,1168,65.6,38,9.84,8021.0,0.8683,tol,1,0,0,0,0,0,1,0
1440,2026-04-29 00:00:00,KLN-01,H48439,H,298.5,309.8,2708,23.0,132,11.34,6511.2,0.8715,osp,0,0,0,0,0,1,0,0
1441,2026-04-29 06:00:00,PKR-09,L48440,L,299.2,307.2,1994,30.1,35,7.99,6282.3,0.0042,rnf,0,0,0,0,0,0,0,0
1442,2026-04-29 12:00:00,PKR-09,L48441,L,298.7,307.7,2544,20.3,138,8.98,5399.7,0.4465,osp,1,0,0,0,0,0,0,0
1443,2026-04-29 18:00:00,PKR-09,L48442,L,298.8,308.3,1764,32.5,60,9.52,5994.1,0.0044,rnf,0,0,0,0,0,0,0,0
1444,2026-04-30 00:00:00,PKR-09,L48443,L,297.9,306.9,1455,27.6,52,8.97,4203.8,0.1236,hdf,0,0,0,0,0,0,0,0
1445,2026-04-30 06:00:00,PKR-09,L48444,L,297.6,306.4,1168,47.7,92,8.77,5839.3,0.4966,hdf,0,0,0,0,0,0,0,0
1446,2026-04-30 12:00:00,PKR-09,L48445,L,297.6,308.3,1671,41.3,114,10.67,7225.8,0.0102,tol,0,0,0,0,0,0,0,0
1447,2026-04-30 18:00:00,KLN-01,H48446,H,297.7,307.5,1478,41.3,81,9.8,6398.3,0.0182,hdf,0,0,0,0,0,0,0,0
1448,2026-05-01 00:00:00,PKR-09,L48447,L,298.2,308.2,1314,42.3,13,10.05,5813.8,0.032,hdf,0,0,0,0,0,0,0,0
1449,2026-05-01 06:00:00,CLC-06,M48448,M,299.3,309.8,2581,21.4,66,10.56,5777.5,0.6128,osp,0,0,0,0,0,1,0,0
1450,2026-05-01 12:00:00,CRS-08,L48449,L,299.8,307.1,1266,44.3,123,7.3,5873.2,0.8577,hdf,1,0,1,0,0,0,0,0
1451,2026-05-01 18:00:00,CLC-06,M48450,M,300.5,311.8,1581,43.9,80,11.29,7261.4,0.0184,tol,0,0,0,0,0,0,0,0
1452,2026-05-02 00:00:00,CML-05,M48451,M,301.4,311.1,1168,49.8,69,9.65,6093.8,0.1606,tol,0,0,0,0,0,0,0,0
1453,2026-05-02 06:00:00,CLC-06,M48452,M,301.7,312.3,2685,33.3,24,10.53,9355.1,0.9653,osp,1,0,0,1,0,1,0,0
1454,2026-05-02 12:00:00,RMM-04,H48453,H,301.6,312.2,1753,37.8,109,10.62,6936.1,0.0059,rnf,0,0,0,0,0,0,0,0
1455,2026-05-02 18:00:00,CRS-08,L48454,L,302.2,313.5,1304,51.4,25,11.37,7012.9,0.1531,tol,0,0,0,0,0,0,0,0
1456,2026-05-03 00:00:00,PKR-09,L48455,L,302.8,312.7,2122,36.8,49,9.9,8175.2,0.0074,rnf,0,0,0,0,0,0,0,0
1457,2026-05-03 06:00:00,CRS-08,L48456,L,303.0,310.9,1168,60.7,160,7.88,7426.4,0.9811,hdf,1,0,1,0,1,0,1,0
1458,2026-05-03 12:00:00,PKR-09,L48457,L,301.9,311.9,2886,8.3,245,10.06,2498.6,0.9989,pwf,1,1,0,1,0,1,0,0
1459,2026-05-03 18:00:00,KLN-01,H48458,H,301.2,305.8,1168,34.1,54,4.62,4174.6,0.9001,hdf,1,0,1,0,0,0,0,0
1460,2026-05-04 00:00:00,CRS-08,L48459,L,300.9,309.9,1868,35.9,253,8.97,7014.1,0.9242,twf,1,1,0,0,0,0,0,0
1461,2026-05-04 06:00:00,CML-05,M48460,M,301.4,311.6,1168,58.1,63,10.15,7109.2,0.598,tol,1,0,0,0,0,0,1,0
1462,2026-05-04 12:00:00,PKR-09,L48461,L,301.3,311.0,1168,62.2,68,9.64,7606.7,0.8078,tol,1,0,0,0,0,0,1,0
1463,2026-05-04 18:00:00,CRS-08,L48462,L,302.0,310.7,1168,65.6,99,8.66,8029.2,0.9375,tol,1,0,1,0,0,0,1,0
1464,2026-05-05 00:00:00,CRS-08,L48463,L,302.8,313.4,1168,57.0,50,10.67,6966.2,0.51,tol,0,0,0,0,0,0,1,0
1465,2026-05-05 06:00:00,FAN-07,M48464,M,303.4,312.9,1819,33.4,129,9.44,6365.0,0.0045,rnf,0,0,0,0,0,0,0,0
1466,2026-05-05 12:00:00,CML-05,M48465,M,304.0,313.6,2123,24.4,84,9.59,5416.5,0.0042,rnf,0,0,0,0,0,0,0,0
1467,2026-05-05 18:00:00,PKR-09,L48466,L,303.1,312.6,1805,36.5,96,9.54,6893.2,0.0053,rnf,0,0,0,0,0,0,0,0
1468,2026-05-06 00:00:00,CRS-08,L48467,L,303.2,314.5,1168,74.6,92,11.24,9128.6,0.9487,tol,1,0,0,0,0,0,1,0
1469,2026-05-06 06:00:00,BLR-03,M48468,M,302.6,312.6,1500,37.8,141,9.96,5940.1,0.0096,rnf,0,0,0,0,0,0,0,0
1470,2026-05-06 12:00:00,CRS-08,L48469,L,301.3,311.4,2886,3.0,103,10.08,906.7,0.99,pwf,1,0,0,1,0,1,0,0
1471,2026-05-06 18:00:00,KLN-01,H48470,H,301.1,310.6,1270,52.7,47,9.56,7003.0,0.2806,tol,0,0,0,0,0,0,0,0
1472,2026-05-07 00:00:00,PKR-09,L48471,L,301.9,312.4,1168,63.7,26,10.46,7790.9,0.8335,tol,1,0,0,0,0,0,1,0
1473,2026-05-07 06:00:00,CRS-08,L48472,L,302.1,313.5,1168,69.2,171,11.35,8468.4,0.9884,osf,1,0,0,0,1,0,1,0
1474,2026-05-07 12:00:00,PKR-09,L48473,L,303.3,313.7,1338,51.9,64,10.33,7276.9,0.1853,tol,0,0,0,0,0,0,0,0
1475,2026-05-07 18:00:00,PKR-09,L48474,L,303.3,313.9,1183,42.5,53,10.69,5263.3,0.0166,tol,0,0,0,0,0,0,0,0
1476,2026-05-08 00:00:00,CRS-08,L48475,L,304.7,315.3,1956,30.7,19,10.61,6293.3,0.0042,rnf,0,0,0,0,0,0,0,0
1477,2026-05-08 06:00:00,CRS-08,L48476,L,304.6,313.2,1168,40.8,20,8.62,4990.1,0.5681,hdf,0,0,1,0,0,0,0,0
1478,2026-05-08 12:00:00,KLN-01,H48477,H,304.3,313.4,1168,63.2,61,9.12,7725.4,0.8651,tol,1,0,0,0,0,0,1,0
1479,2026-05-08 18:00:00,CRS-08,L48478,L,303.2,313.0,2408,36.1,184,9.8,9108.4,0.5142,pwf,0,0,0,0,0,0,0,0
1480,2026-05-09 00:00:00,PKR-09,L48479,L,303.7,313.0,1681,35.0,56,9.27,6160.6,0.0052,rnf,0,0,0,0,0,0,0,0
1481,2026-05-09 06:00:00,PKR-09,L48480,L,303.2,312.1,1168,52.2,56,8.94,6382.3,0.4815,hdf,1,0,0,0,0,0,0,0
1482,2026-05-09 12:00:00,CRS-08,L48481,L,302.5,310.7,1168,48.6,145,8.13,5939.9,0.8028,hdf,1,0,1,0,0,0,0,0
1483,2026-05-09 18:00:00,PKR-09,L48482,L,303.3,311.9,1168,31.2,185,8.65,3810.1,0.6933,hdf,1,0,1,0,0,0,0,0
1484,2026-05-10 00:00:00,CRS-08,L48483,L,303.8,313.6,1998,37.1,42,9.74,7767.9,0.0057,rnf,0,0,0,0,0,0,0,0
1485,2026-05-10 06:00:00,BLR-03,M48484,M,304.4,314.3,2886,5.5,158,9.93,1648.0,0.99,pwf,1,0,0,1,0,1,0,0
1486,2026-05-10 12:00:00,CRS-08,L48485,L,303.9,313.1,1297,43.9,77,9.21,5960.9,0.208,hdf,1,0,0,0,0,0,0,0
1487,2026-05-10 18:00:00,KLN-02,H48486,H,303.6,313.7,2476,26.3,108,10.08,6815.0,0.1758,osp,0,0,0,0,0,0,0,0
1488,2026-05-11 00:00:00,PKR-09,L48487,L,303.4,312.9,1847,31.2,6,9.57,6024.6,0.0042,rnf,0,0,0,0,0,0,0,0
1489,2026-05-11 06:00:00,BLR-03,M48488,M,303.7,314.8,2818,29.0,99,11.09,8546.0,0.8997,osp,1,0,0,0,0,1,0,0
1490,2026-05-11 12:00:00,PKR-09,L48489,L,304.5,314.3,1168,41.1,58,9.84,5029.3,0.0499,hdf,0,0,0,0,0,0,0,0
1491,2026-05-11 18:00:00,PKR-09,L48490,L,304.5,315.2,1168,65.6,52,10.7,8022.3,0.8634,tol,1,0,0,0,0,0,1,0
1492,2026-05-12 00:00:00,CML-05,M48491,M,305.6,315.8,1294,43.5,15,10.2,5894.6,0.0299,hdf,0,0,0,0,0,0,0,0
1493,2026-05-12 06:00:00,CLC-06,M48492,M,305.8,314.4,1196,38.9,40,8.6,4874.8,0.5781,hdf,1,0,1,0,0,0,0,0
1494,2026-05-12 12:00:00,CLC-06,M48493,M,305.3,315.2,1168,46.3,49,9.91,5665.8,0.068,hdf,0,0,0,0,0,0,0,0
1495,2026-05-12 18:00:00,PKR-09,L48494,L,305.6,314.3,2140,36.3,31,8.76,8132.2,0.0068,rnf,0,0,0,0,0,0,0,0
1496,2026-05-13 00:00:00,FAN-07,M48495,M,306.4,316.3,2036,20.3,68,9.89,4317.9,0.0184,pwf,0,0,0,0,0,0,0,0
1497,2026-05-13 06:00:00,CLC-06,M48496,M,307.4,316.6,1308,37.4,100,9.25,5116.0,0.1743,hdf,0,0,0,0,0,0,0,0
1498,2026-05-13 12:00:00,BLR-03,M48497,M,307.7,318.1,1189,47.9,144,10.38,5960.6,0.0653,tol,0,0,0,0,0,0,0,0
1499,2026-05-13 18:00:00,CRS-08,L48498,L,307.3,315.9,2663,22.5,38,8.66,6269.2,0.8292,osp,1,0,0,0,0,1,0,0
1500,2026-05-14 00:00:00,FAN-07,M48499,M,306.7,316.7,1693,35.9,145,10.01,6368.4,0.0054,rnf,0,0,0,0,0,0,0,0
